index,exprimental,predicted
B2KJ46,35.0,44.5280833333
Q8L3C9,70.0,35.1044
A4IP64,60.0,62.9958333333
A4ISB9,60.0,64.8724166667
D4GSN2,80.0,37.501
G3FFC9,50.0,33.8802666667
V9SCJ1,50.0,34.5325
V9SDP6,50.0,35.1201428571
V9SFA1,50.0,34.5885
Q6L0S1,83.0,60.5876666667
A3MVR8,80.0,69.4224166667
Q8U259,70.0,75.4350595238
Q4J702,70.0,69.55325
C7IV28,60.0,64.386
Q5JI09,90.0,71.6799166667
Q9HIM3,75.0,59.96175
Q86RB1,25.0,37.438
A5HIF6,30.0,37.0208333333
E5RQ20,75.0,35.2198333333
P07913,39.0,35.1065
C7R702,60.0,37.4003333333
Q308C1,30.0,35.8663833333
Q04212,25.0,36.2971333333
Q763T4,25.0,32.7084285714
H6WCP4,30.0,31.5718095238
B6HI95,45.0,31.6010714286
Q1J2J0,45.0,42.2855
P9WQP7,30.0,36.1279
Q1MLL4,35.0,36.02475
A0A0J9X283,25.0,42.0137833333
Q5JGC2,90.0,66.7544166667
C7FDI4,37.0,38.6464
D7FMJ8,30.0,35.6188571429
D8LI09,30.0,35.7341666667
P53199,30.0,35.909
Q5UY95,44.0,39.5308333333
Q9Y8Y1,70.0,68.434
Q5FQJ0,35.0,34.8808333333
A0A0E4AX59,48.0,36.6426
A0A0E4AY21,48.0,34.3237142857
Q7S3U4,33.0,34.6289333333
Q9X265,75.0,61.4666738095
A4IP64,60.0,62.9958333333
A4ISB9,60.0,64.8724166667
P17618,37.0,35.7785
P25539,37.0,38.8074
U6CL97,40.0,32.2115
O73949,80.0,74.605702381
A3GHL4,30.0,36.0069761905
A3GHR6,30.0,35.6938214286
F8S123,95.0,71.9909166667
A7B4V1,37.0,40.0763833333
A0A0C1Q6R1,31.0,37.624
A0NIJ1,55.0,36.9904166667
D1MF29,40.0,36.662
Q81W29,30.0,36.532
Q2SWW9,30.0,34.1726666667
Q59Q46,25.0,34.1590166667
A1KU15,30.0,36.2296
P99106,30.0,36.2748333333
A0A0K2E8F8,37.0,36.2670333333
Q4VRV8,37.0,35.5025
Q76L36,28.0,33.0770333333
Q76L37,28.0,38.12775
A4PIB0,25.0,40.4453333333
Q5FTU6,25.0,37.4729166667
C4R4L0,43.0,35.0505
C9E261,30.0,34.5068166667
W0A856,35.0,35.8746666667
Q9X5C9,30.0,36.73225
P15770,28.0,31.8098095238
Q56S04,60.0,32.9611166667
A0A1K3RIC7,25.0,34.4114666667
A5U5Q2,25.0,35.6315
P95001,25.0,35.6315
Q88GF6,22.0,39.094
Q88IJ7,24.0,34.41
Q88JP1,22.0,36.6546666667
Q88K85,22.0,33.847
Q88RQ5,24.0,32.3144166667
Q5HNV1,25.0,34.1315833333
Q6W3D0,25.0,33.6155
Q97U35,70.0,63.3730333333
Q9C4M5,70.0,75.9367142857
Q9WZZ1,78.0,67.9342333333
W8CXQ9,55.0,34.8149166667
P50933,50.0,33.36
P00344,28.0,59.9465
P0C2T6,30.0,37.8735
B1A4R6,65.0,63.3116333333
Q5SJA1,90.0,66.2818333333
Q2VEQ7,40.0,39.625
A0A140N893,30.0,36.30775
Q9AKS9,45.0,37.51575
Q9I530,30.0,35.358
F8A9V0,70.0,60.586
A0A0E4AX59,48.0,36.6426
A0A0E4AY21,48.0,34.3237142857
Q4J6C9,60.0,70.1605833333
Q5JFV8,60.0,67.81525
Q72IW9,60.0,66.119
Q308C1,30.0,35.8663833333
Q58LW6,25.0,35.1898833333
Q6QQP7,54.0,50.5885
A4YI81,70.0,69.4535833333
Q5AIA2,30.0,36.2501666667
Q56R01,22.0,35.442
Q58085,37.0,57.0125
Q6Y0Z3,37.0,36.2708333333
A9QVV8,45.0,35.3138809524
Q46N53,30.0,37.213
P09347,45.0,36.723
Q59468,37.0,37.6685
I7CKJ5,37.0,32.5721666667
Q980N1,85.0,64.1558333333
Q48534,25.0,38.3837261905
Q0KEG0,38.0,32.633
D3RXI4,85.0,78.3121833333
P9WNP7,37.0,34.541
Q9I1X3,30.0,36.9440833333
Q7LYI9,70.0,60.3715
Q6L047,55.0,61.267
Q979W2,63.0,63.5391785714
A0A1B2F298,30.0,36.19
O08349,78.0,75.60325
P80040,63.0,47.7845
G4T3S9,63.0,32.3001666667
A3MWU9,90.0,74.7783333333
Q9K3J3,50.0,34.0994166667
P10584,90.0,73.8705833333
P40332,37.0,37.9998333333
Q6M0B9,37.0,39.90225
O08349,70.0,75.60325
Q53TZ2,30.0,35.727
D4GP33,45.0,40.1698333333
P26616,37.0,35.8127666667
E1V4Y1,25.0,37.0131428571
P39831,30.0,38.0041666667
Q05016,30.0,33.9368333333
B3TMR8,30.0,35.0315
Q9I5I6,37.0,34.7553
A4F2S6,50.0,34.2276666667
C8WGQ3,37.0,38.63225
C8WJW0,37.0,37.39925
C8WMP0,37.0,37.8403333333
A7AZH2,37.0,37.3930833333
E7EKB8,22.0,34.9094
A0A0E4A9D6,50.0,36.37425
P76558,46.0,34.9125833333
A6XP72,30.0,38.2528777778
Q9F3K4,30.0,36.3538333333
Q5JGC7,70.0,74.9680833333
Q717I9,25.0,33.416
P0DOW0,55.0,48.58275
Q8GAX0,30.0,33.7104833333
A0A0M4S9Q1,25.0,32.2356666667
A4ADB8,35.0,35.4851666667
Q1XIQ8,33.0,34.69675
Q1XIQ9,33.0,34.1330833333
A8YGS2,48.0,39.0815
B2ZAA4,46.0,36.177
Q9UWG7,55.0,65.1264285714
Q9HLV8,70.0,62.1616666667
Q6NHC5,37.0,34.8200833333
Q2RIZ2,50.0,67.0436666667
P31072,20.0,33.2166666667
Q6WAT5,30.0,33.7256666667
D4GP33,45.0,40.1698333333
P39485,37.0,40.6847666667
A6N8S2,30.0,39.8910166667
Q8GQE7,70.0,37.2885
Q9I1X3,30.0,36.9440833333
R9UHL6,35.0,35.7825
Q9WYD4,95.0,63.5175
Q5V676,60.0,37.3235
Q9HMB6,58.0,41.634
D4GP73,88.0,38.6554
U6CL97,40.0,32.2115
A1IG83,37.0,33.926
M4N626,28.0,38.6565
Q8U3Y2,50.0,75.501
Q00055,25.0,34.1310595238
A0A060KZ16,25.0,33.3420595238
Q9YEA1,95.0,72.5941166667
P76251,37.0,35.4143333333
P50455,97.0,71.6588095238
Q72IW9,37.0,66.119
D3PT81,65.0,62.4455
A4CYJ9,70.0,68.3145
P40495,25.0,35.582
Q5SIJ1,60.0,66.119
Q86ZV0,28.0,35.409
A0A141BGH5,33.0,37.4241666667
Q2K0Q7,70.0,34.3233333333
E0D583,55.0,58.8894666667
X5F726,50.0,38.3268333333
A0A1D8FJM6,37.0,37.6455666667
H9XP47,40.0,37.5818333333
D5G304,45.0,44.3993666667
A3GF05,30.0,39.2653333333
O28538,85.0,67.9321666667
Q3ACV3,70.0,69.8208214286
A4YGN0,90.0,64.33535
C7G3B7,33.0,47.8696666667
C7G3B8,33.0,40.4008333333
C9K501,33.0,48.0216666667
C9K502,33.0,40.2388333333
C9K504,33.0,37.14625
C9W9E3,33.0,37.09475
D2SZY4,33.0,47.9396666667
D2SZY5,33.0,41.4026666667
Q6UG02,48.0,35.8911666667
Q5NT46,30.0,34.8666666667
C8CCV9,22.0,36.8574285714
A0A068CB13,37.0,45.9311
Q0PGS3,40.0,46.12785
Q9HFQ1,37.0,45.5901
K9L4P7,34.0,35.8683333333
A0LST6,25.0,65.1925
D5KB61,30.0,34.5927333333
Q8EEB0,25.0,34.1334
Q93RE1,60.0,41.2340285714
D7VYA1,35.0,34.875
H9NJ52,39.0,42.026
X5IDD2,70.0,35.1305166667
A7LGL0,45.0,37.90275
I7FDJ2,30.0,33.6188333333
O94219,25.0,39.1148333333
V5NQ89,40.0,46.799
S6D3Q2,20.0,46.9405416667
P15877,25.0,36.4037833333
Q9HVF1,30.0,32.2974166667
Q5ECC3,30.0,35.4678333333
Q0CDD9,55.0,43.49425
O28443,78.0,65.2952833333
Q6BDD5,30.0,51.8095666667
O42729,23.0,42.8267833333
Q875J3,50.0,43.04145
Q2UNF9,25.0,47.8545833333
Q5FU85,25.0,34.4006666667
F2Z6G7,80.0,69.22645
A8N3P5,55.0,39.8590833333
B0JDP9,25.0,37.152202381
O60199,22.0,37.6495357143
Q97D83,23.0,43.2555
B5U990,30.0,41.6746666667
Q97WG5,92.0,58.64905
O83522,25.0,36.79425
Q9PER7,37.0,31.7055
T1SP91,70.0,43.7225
O28050,75.0,69.2085
A0A143G976,40.0,38.544
Q939D2,37.0,36.6133333333
P26901,40.0,39.2906666667
Q9AQQ9,40.0,39.338
L8B3D7,40.0,37.4031666667
P08303,40.0,43.6955
A0A0T6DN91,25.0,33.24825
Q6LA34,90.0,71.9020833333
D7RJ66,20.0,37.3796666667
Q8L2Z7,37.0,40.54275
Q5F809,37.0,41.0205333333
Q8NKS2,93.0,70.5503571429
Q8NKS3,93.0,64.4370833333
Q8NKS4,93.0,69.2237333333
Q8NKS5,93.0,62.77525
P32440,60.0,67.6153333333
A7LBQ4,35.0,37.8223333333
A7LBQ5,40.0,37.1255
A9V766,37.0,33.78075
A5HMH3,28.0,40.893
A7LB47,30.0,36.85825
Q0K029,30.0,35.918
Q0KB75,30.0,39.071
Q6KZ98,50.0,62.0718333333
Q9I4G8,22.0,32.4181666667
Q3BEM2,25.0,36.02825
Q8KRD4,25.0,34.798
A9QT35,40.0,35.6420833333
Q6QF56,55.0,37.653
Q6QF57,55.0,35.7965
G4NAP4,21.0,39.3058333333
Q88E47,25.0,34.91125
A9UVU0,37.0,36.2469166667
P29082,54.0,69.0873309524
A0A1W1WDM4,78.0,50.0036666667
Q5NTE5,30.0,34.8585
A0A0S2SWE4,30.0,32.9872
F9FU71,0.0,33.8985333333
Q01284,30.0,34.9419333333
P32021,23.0,37.7385238095
P06617,25.0,40.8406
P39956,30.0,33.7970690476
P32021,23.0,37.7385238095
Q6WZB0,30.0,36.402
S5SPJ1,35.0,37.6540666667
A0A1R1AUM9,40.0,38.3884166667
Q9Z4Z5,25.0,38.744
Q8GI14,35.0,33.9535
Q8GI16,35.0,38.8783428571
Q9EUT9,30.0,33.3411666667
P71875,22.0,40.3552666667
P9WJ93,22.0,34.3553333333
B1N1A2,37.0,34.0467142857
F8G0M4,25.0,35.4421666667
P32009,37.0,36.237
Q9I0Q0,25.0,32.999
Q51548,25.0,36.3390333333
Q9S3U8,22.0,32.815
Q8NLB6,25.0,38.041
Q5EXK1,30.0,37.569
Q9F131,25.0,36.1835
O87082,30.0,36.224
A5HMH6,28.0,40.8698333333
A5HMH7,28.0,40.7793333333
A5HMH8,28.0,35.988
A5HMH9,28.0,40.2454166667
A5HMI0,28.0,36.136
A5HMI1,28.0,35.3515
A1XG20,25.0,35.1075
Q93TJ5,28.0,35.3286666667
Q972I2,25.0,67.61275
Q52TE7,24.0,37.019
P9WJA1,25.0,37.5295
Q603D5,25.0,38.123
A7LCL0,37.0,37.7143333333
A7LCL1,37.0,44.522
A0A069AW73,25.0,38.1166666667
B2CML6,37.0,35.5485
C4B644,30.0,35.8323333333
O85057,45.0,53.9168666667
A0A059WLZ7,35.0,36.33
Q9WWW6,30.0,36.7971666667
Q06069,30.0,34.2751833333
B2Z3P7,60.0,38.6715833333
P11935,30.0,38.1143333333
Q06069,30.0,34.2751833333
Q2IU02,30.0,33.7695
C9QNK6,37.0,37.8050833333
P75898,22.0,37.1738
G7CFI3,25.0,40.058
B2AVF1,45.0,45.2276166667
B2B629,45.0,44.5496666667
Q7SCE9,42.0,44.2928
O69002,45.0,38.4723333333
Q88P48,45.0,33.6831333333
Q9HWR4,45.0,39.3826666667
Q4K657,45.0,37.9549166667
Q4K7S1,45.0,34.75715
A4Y0Y8,45.0,37.98035
Q88JR7,45.0,36.2590666667
D9Q0R7,48.0,71.0113333333
A3NS93,37.0,43.5444166667
F8V325,60.0,43.9416666667
Q1HEQ0,60.0,45.6455
B0B552,25.0,37.4226666667
P84612,15.0,42.0695833333
P80857,25.0,66.545
M9QJD2,22.0,67.1521666667
A9U908,4.0,39.6140119048
J7H7U2,4.0,39.3741166667
J7HET3,4.0,44.43435
D9J041,25.0,34.8351333333
E0XF09,25.0,34.74125
Q8DL82,20.0,49.3316333333
B5A8W5,60.0,37.9015
O54050,25.0,34.6995
B1PHD1,30.0,41.9371666667
B1PHD2,30.0,35.4225
B1PHD3,30.0,39.0400666667
P33677,65.0,37.4980833333
E7FHX6,80.0,72.9333333333
Q0VTB0,45.0,34.4681666667
Q0VTC7,55.0,35.22035
O05268,25.0,35.0999666667
A0ZSY5,53.0,37.5380833333
Q96YN9,80.0,71.56375
P9WIQ3,30.0,35.1344
P9WNX5,30.0,34.4665833333
Q81X74,55.0,37.5716666667
Q01651,25.0,39.450875
P0C0G6,37.0,38.1035833333
P39460,87.0,66.2476833333
O34425,37.0,35.498
Q9RBF6,31.0,35.39725
Q976X5,90.0,68.8866833333
Q97XS9,70.0,72.493
Q4F895,48.0,34.3134166667
Q83V33,10.0,35.0791666667
V4GH04,25.0,33.214
G7VCG0,75.0,70.7270833333
B5A8W5,60.0,37.9015
Q9FAB1,53.0,69.2429166667
D9TQ00,55.0,63.9783928571
Q01651,25.0,39.450875
Q971K2,60.0,59.4994333333
B7J8J0,37.0,32.1974
Q9UXR8,90.0,61.1373333333
B1YBY5,65.0,67.73275
Q9RBF6,31.0,35.39725
Q97XA5,70.0,67.74675
A1U2T0,30.0,32.527
A1U3L3,30.0,35.494
Q1XGK8,25.0,33.775
P09546,25.0,32.2406
Q6L285,61.0,65.5193309524
Q2HQS1,25.0,33.6804166667
Q2HQS0,25.0,32.2798333333
Q2HQR5,25.0,33.0013333333
Q2HQR7,25.0,33.94675
Q2HQR8,25.0,33.4334
Q2HQR6,25.0,33.86015
Q2HQS4,25.0,34.03585
Q3C1A6,35.0,36.0988333333
Q2HQR3,25.0,33.54185
O33468,60.0,36.24165
Q72GU1,25.0,70.0235833333
A5VEL7,30.0,35.62625
Q51739,80.0,77.244702381
Q8U3K2,50.0,77.464702381
P71079,25.0,36.0155
O30012,87.0,67.7300738095
Q97LU2,25.0,39.8896666667
Q5EU90,30.0,37.7519
Q79ZT3,37.0,35.8713333333
P54616,25.0,36.3708333333
Q62L02,25.0,36.529
P0AEK4,22.0,34.49075
P61431,22.0,37.7065666667
Q65MU7,80.0,36.8865
A8FAG9,80.0,36.8958071429
P07788,80.0,37.7181166667
Q9UVY4,80.0,40.4903333333
P00363,30.0,37.3134285714
O29786,55.0,77.63275
D3JV03,30.0,35.192
Q88K54,30.0,33.874
Q88L87,30.0,35.4824166667
Q88L96,30.0,34.4439761905
Q88LN6,30.0,33.6943333333
C3UVB0,30.0,38.0451666667
C6KID9,30.0,38.803
Q08352,36.0,36.97285
Q9AIK2,56.0,35.8929166667
C4LUA1,37.0,39.623
C8KIP3,37.0,38.74665
A0A171,54.0,71.5995
B3FYT6,54.0,72.0833333333
G1UII1,55.0,53.29625
Q3S559,50.0,36.4025
Q9AJC6,70.0,59.0893333333
O59312,95.0,68.9823809524
P29051,40.0,39.66085
Q977U6,60.0,41.2704
A5LH94,40.0,31.916
Q46VA0,50.0,35.992
Q9HYA4,50.0,33.07175
Q9YC65,83.0,76.39225
Q2WCS9,13.0,41.4625833333
Q8ILF7,25.0,36.495152381
Q8ILT0,25.0,38.3034166667
A3MWK6,50.0,77.31625
A0A0P1J5J7,30.0,37.376
P13154,30.0,58.0685
A0A1B1PF34,40.0,37.06625
A0A1S6XWY4,35.0,36.7121666667
D6A5I3,30.0,37.087
P38032,25.0,32.26225
D7UTZ8,50.0,35.153
Q8VPD4,30.0,41.1461666667
A1R2C3,45.0,34.7394
A1RDD3,45.0,34.903
A0A077JN67,65.0,62.486
A3KEZ1,37.0,34.91875
C0MP41,50.0,36.313
A1IJT7,75.0,65.2702666667
A3KEZ1,37.0,34.91875
V5YW53,30.0,36.974
Q46A53,37.0,36.6094
Q9I492,30.0,37.97425
Q5FB93,35.0,37.8385833333
Q4U331,38.0,35.8195
Q7BPB0,22.0,38.00795
P00381,30.0,40.6211666667
S5M3K7,28.0,29.9685
D1MX70,39.0,37.8230833333
D1MYR1,33.0,32.1604166667
Q54801,25.0,38.6018333333
Q27783,25.0,27.513
A2GH85,37.0,35.9314166667
Q8GME2,22.0,36.4515
Q81BW8,37.0,36.12275
P43127,23.0,37.1740833333
Q47RA9,65.0,47.8135
C5B2R8,30.0,38.99825
Q485S0,30.0,36.9880833333
B1A7S3,37.0,39.9966833333
I2D0K8,30.0,36.4308333333
Q8U022,50.0,75.6366
Q8U1G2,50.0,81.0995
O59089,50.0,79.0463571429
O59445,50.0,71.9156
Q5JFG2,50.0,75.6115833333
Q5JFG7,50.0,75.8487380952
Q4CVA1,37.0,36.3256666667
Q8TXY4,65.0,77.1246666667
A1RVM8,70.0,70.6169166667
Q8RMG1,25.0,37.4245
O50444,25.0,38.2353
P27306,35.0,36.66575
A8PYK0,37.0,36.6758666667
Q5JFZ8,80.0,75.34
Q5JGF8,70.0,70.3573333333
Q5JGP4,70.0,71.9415
Q5JHY2,70.0,68.7826166667
Q5JJB9,70.0,65.2677666667
O29794,80.0,71.8466666667
O29852,68.0,73.1779
O29985,80.0,71.9425
O58049,95.0,63.9326666667
Q8E5N5,25.0,36.59965
A1B9E3,25.0,36.2463333333
Q9RFV6,30.0,35.9395833333
B1B5E3,30.0,32.8614166667
B1B5E4,30.0,32.7944166667
Q6WRS9,30.0,33.387
Q838N5,35.0,37.0688928571
D0EFL2,24.0,32.0400833333
Q9X4K2,85.0,54.17225
Q8EBE0,40.0,39.8816428571
A0A073KHN9,25.0,33.3991666667
Q4QEB3,25.0,35.497
A0A1B1KJ01,53.0,35.636
D0RAY2,70.0,41.7093333333
Q3LGA9,73.0,69.5547619048
A7GXH2,37.0,32.186
P0ABK9,25.0,36.3548333333
P78609,37.0,42.03875
P09152,25.0,40.713
P11349,25.0,37.21805
P11350,25.0,35.7308333333
M0HXK1,50.0,39.37
A7GXH2,37.0,32.186
Q8MZR8,25.0,33.0626071429
Q95PT6,25.0,34.7395
Q5JGF8,70.0,71.21
Q5JGP4,70.0,71.1236666667
A4V929,55.0,65.927
A5N930,40.0,35.5323333333
Q8NTE1,50.0,38.0105
A0A0H2Z9F5,28.0,36.1541428571
A0A0H2ZB32,28.0,35.2305
A0A0H2ZHZ0,28.0,39.673
Q9NL96,37.0,40.0441
B7J3E3,60.0,34.26425
Q9AL99,37.0,38.0710833333
P14930,37.0,43.1635
P14930,37.0,43.1635
Q9HJW5,25.0,62.9075
Q50754,70.0,64.2784333333
Q50755,70.0,67.9652
Q50756,70.0,72.0187333333
Q9YDZ4,30.0,75.261
P39476,30.0,62.2066666667
B7J3E3,70.0,34.26425
C6WXA3,22.0,34.2035
P26236,30.0,34.336
U2ZU49,37.0,40.1863666667
Q8U3C9,75.0,58.0056666667
Q9KJ20,37.0,40.5458333333
Q9KJ22,37.0,44.6043333333
F6KV61,37.0,45.2829833333
Q9KJ21,37.0,42.4871666667
F6KV62,37.0,41.6658333333
O86169,37.0,52.8965
P53123,37.0,35.1775
P0A6U5,37.0,33.3651666667
P95128,37.0,40.43
P75782,37.0,33.3865
P13956,31.0,32.6011666667
P0ADR6,37.0,33.31125
C1DSW3,37.0,39.8454
P36999,37.0,32.2633333333
A4VMZ0,37.0,37.991
Q48F48,37.0,34.5408333333
Q9S1M6,37.0,36.4375
P0AGL7,37.0,34.6584666667
P49017,37.0,32.9063214286
Q9UY84,50.0,70.9652333333
P15565,50.0,65.978
P57706,50.0,58.5193095238
P54471,37.0,35.42975
Q4J894,50.0,60.5649
Q5JD38,50.0,65.9146333333
Q9V1J7,37.0,63.7716333333
Q5JD38,50.0,65.9146333333
Q06803,44.0,38.5836666667
A0QYR0,44.0,36.88
A0QYR0,44.0,36.88
P0A873,37.0,33.225
P38793,37.0,33.0466666667
P52391,25.0,34.5555
P18644,31.0,36.32525
O87833,30.0,36.5728333333
D5FKJ3,28.0,32.2484
Q50538,13.0,58.9939
Q50539,13.0,56.67315
O30640,37.0,36.1973333333
O30640,28.0,36.1973333333
Q9F1Y5,34.0,40.208
Q57880,37.0,65.6275333333
Q8U248,70.0,72.0139714286
Q72IH5,60.0,65.3900333333
Q59034,65.0,59.6710833333
P25397,37.0,40.9619333333
I6WHP7,30.0,39.9746547619
Q60FX1,30.0,40.1139166667
Q9UZR7,50.0,62.421077381
Q8X8S5,37.0,34.1489166667
B3PM23,37.0,33.374
P25087,35.0,37.6703333333
S5M3K7,28.0,29.61475
Q27783,25.0,27.7045
P32783,37.0,36.2891309524
O27970,80.0,67.5301785714
Q9WZJ3,60.0,70.4651714286
Q86LS9,39.0,34.1585
L7Y8B0,40.0,36.8791666667
R9YJZ9,34.0,37.54775
P0A786,25.0,33.8785
Q837U7,37.0,37.1278333333
O93656,37.0,70.3012
Q51742,37.0,70.3210333333
Q837U7,37.0,37.1278333333
A0A0I9QGZ2,65.0,56.938
Q58980,70.0,67.1584166667
P0A870,30.0,33.19575
Q9WYD1,80.0,70.5938285714
P37251,37.0,34.0306666667
P45261,37.0,34.2977
P9WG39,37.0,33.776
P9WG41,37.0,34.0975
Q8U2A4,81.0,79.6134285714
Q9WZ19,85.0,58.80535
Q5SJ01,60.0,70.9214666667
G4WJC8,25.0,33.4685
Q5QKF8,37.0,35.133
B6VP39,37.0,34.2
Q5FAK7,30.0,31.108
Q87EL2,30.0,33.5840833333
Q49610,90.0,71.6948666667
B0I1V1,37.0,46.8530833333
P9WQN9,37.0,45.95625
Q6QHI7,30.0,37.2594
P0A722,30.0,39.3541666667
Q8EZA6,30.0,36.017125
O33391,25.0,36.3381
P43889,30.0,35.618
Q6C5M4,25.0,35.1259166667
A9YZX5,30.0,34.3185
C0LNR0,20.0,36.3694
Q74C76,37.0,32.5704166667
Q9HUU7,37.0,37.7245
Q97YF5,83.0,70.1534166667
Q9XCW3,37.0,44.9513333333
Q9XB60,37.0,33.6528333333
G0YYC4,21.0,35.9409833333
P0ACV0,30.0,36.381
P24205,30.0,34.7823928571
Q939X3,30.0,35.2568888889
P53629,37.0,35.9180654762
P43886,25.0,34.1096666667
Q03BU2,25.0,41.5218333333
P95231,37.0,45.111
D2Z028,30.0,35.7
D2Z028,30.0,35.7
Q6RVB3,38.0,33.8929
P9WQD9,37.0,35.7086666667
Q586W9,37.0,32.5115
I7LW01,30.0,33.7405
S8GJB1,37.0,33.1885
Q9UTM7,37.0,34.8739166667
A0A125YMC0,30.0,33.2005
S8F3V2,37.0,34.1115
Q81PT0,37.0,37.8659333333
Q81R98,37.0,37.0370952381
Q5YYQ3,37.0,39.4068571429
A2V7M5,30.0,35.2119
Q93UV0,37.0,31.1975
Q59601,30.0,33.1361666667
Q59618,30.0,32.0566666667
Q6C5L8,30.0,39.2794333333
A0A0K2X0F2,37.0,38.07175
A4YEH9,70.0,69.7272333333
D9J009,45.0,41.193
Q65KZ6,40.0,37.2896666667
Q6KZT2,55.0,60.8056666667
Q4KIM5,50.0,47.0671666667
D4GWR6,38.0,41.4806666667
B0SN40,44.0,35.3992083333
Q58595,37.0,67.2504
Q84H44,30.0,32.2293333333
D4GS06,30.0,40.448
G8XQY5,35.0,35.8144333333
Q2Z1A8,45.0,34.0098333333
P42450,43.0,36.2978571429
Q97YI7,70.0,72.7656083333
Q8U0Q0,80.0,78.6744595238
Q9FDQ9,67.0,66.8854047619
P21130,25.0,43.1485
Q8GGV4,35.0,44.2545833333
Q70XJ9,40.0,44.4854166667
O68609,60.0,43.7854
O54435,37.0,46.2264285714
A0A059ZV61,60.0,42.227
D4H6M0,65.0,35.04215
I7A3T6,80.0,52.7246904762
Q820M5,56.0,33.211
A6LKE9,70.0,68.1939166667
Q1GY13,45.0,31.73325
A4K8Z1,38.0,33.178
Q9HIW6,60.0,62.2373785714
G4RK44,80.0,75.3810833333
Q7WUI7,98.0,66.6570714286
B3VA58,25.0,38.3178166667
P23316,30.0,36.9594666667
A6ZKY2,30.0,35.4898333333
P29465,30.0,36.4074333333
Q6BN88,30.0,36.4198333333
Q6CUV2,30.0,34.5545
Q9Y751,30.0,34.7181666667
A5DNB9,30.0,34.4119166667
A7KAK6,30.0,33.7104833333
Q06321,30.0,33.6386428571
Q1IZQ3,34.0,46.9245
Q9RTB7,34.0,39.5288333333
P9WN45,30.0,36.3585
Q93HU3,30.0,70.5257333333
Q8DT52,37.0,42.71325
P16954,30.0,41.497
Q5JDJ7,70.0,68.8260833333
C4MH58,48.0,43.9441666667
P30920,65.0,45.8668452381
P31797,60.0,59.8020833333
Q53I75,55.0,48.6623333333
O52766,36.0,46.5849166667
P04830,55.0,46.4181666667
B1VC16,63.0,46.6041666667
Q3HUR2,95.0,78.8340333333
Q8X268,81.0,77.173
Q5A6L6,30.0,38.84475
A0A0M5MSC0,37.0,47.0778333333
Q59316,65.0,74.1666621212
B7XEJ0,37.0,36.327
B7XEJ1,37.0,36.6115
Q5GMP2,30.0,31.516
O30511,25.0,39.4510833333
Q9CID5,35.0,36.5046666667
Q2VPS1,90.0,71.7375611111
Q6WSQ4,80.0,66.4096833333
B7SY86,73.0,56.719
Q84B24,85.0,63.4334166667
P39107,20.0,35.8718333333
Q9UTR6,30.0,41.43
O58762,37.0,72.5370321429
Q1ARU5,60.0,57.7148833333
A6YM39,37.0,40.6625
P95868,40.0,76.953474026
B7A9X4,75.0,62.3718666667
Q12XX4,50.0,35.1554166667
A0R2E6,45.0,32.7548
A9QXB4,80.0,62.8266166667
A9BHI9,70.0,59.3051416667
Q7UXY8,60.0,34.6976666667
A9BEU2,73.0,62.2883333333
Q9RFR0,88.0,60.5010333333
A9BHJ0,90.0,62.7008015873
Q7URP0,40.0,35.4680833333
Q9F8X1,29.0,41.4908333333
E6UBR9,48.0,41.2758333333
P36667,37.0,38.2439
Q9RN49,37.0,36.76
P9WMY3,37.0,37.322
Q03084,37.0,36.0428333333
B5L3F2,37.0,38.34455
Q077R2,37.0,43.7613333333
A9NG65,40.0,37.4714666667
P54166,30.0,37.4983333333
Q8A8X4,30.0,43.29
Q8A8Y4,30.0,41.3155
Q8P3J4,30.0,40.62525
D9TT09,55.0,61.492218254
B3VA59,25.0,41.0255666667
A0R043,37.0,36.8209166667
B8R7Q2,60.0,56.896
G4T024,30.0,35.6580555556
Q9ZEU2,44.0,36.893
P77846,65.0,72.2565928571
A9ZRX3,35.0,45.2284666667
B1N0B6,30.0,43.4333833333
D5FS20,30.0,45.31775
C7DT60,30.0,44.8413
B2MUU6,45.0,44.9577833333
D2CFL0,28.0,45.0224666667
G8XR50,28.0,45.2543333333
O52224,28.0,44.9094666667
P85080,45.0,54.6704
P85089,45.0,51.14285
Q2I2N5,25.0,45.50325
Q9L3Z9,25.0,42.0051
B9UNL6,30.0,45.3505833333
A0A0F6TP16,35.0,44.3315
H1X7X9,38.0,43.8100952381
Q0P9B5,37.0,39.4803333333
Q93MQ1,37.0,38.9445833333
Q9K2V8,37.0,36.0276666667
Q6ST35,40.0,39.12825
Q84HQ2,48.0,38.596
B0F411,37.0,38.6634166667
Q14EH6,35.0,38.7216666667
Q59495,30.0,39.4945
D6XUS4,55.0,40.8881666667
Q5FI04,45.0,42.0008333333
Q65JC2,30.0,33.7665833333
D3WYV9,55.0,43.405
Q74K42,55.0,42.196
Q8GP32,46.0,43.65975
Q7X481,33.0,44.32425
A0A0C4WTK3,60.0,40.1546666667
B1YMN6,45.0,41.2658333333
A5VL73,40.0,44.956
Q5SBN1,40.0,42.2456666667
Q9KCN8,70.0,34.3054666667
Q8U2I1,120.0,68.3818
P9WJJ7,60.0,37.6965
Q8U4Q8,80.0,70.21705
Q9JP48,30.0,35.6453333333
Q9HZK1,25.0,37.548
Q57878,80.0,66.7958833333
Q58822,70.0,59.27985
Q9RP48,37.0,35.087
O29918,60.0,69.082
Q8U4G1,80.0,80.1796785714
Q5JFG9,70.0,70.6002833333
Q0CQ16,37.0,39.1343333333
Q9L9F1,30.0,35.5775
A2R1N3,37.0,33.5683333333
Q8ZXM4,95.0,80.3099833333
A2BIX4,95.0,67.9686404762
Q5JIZ3,70.0,66.780897619
Q8A711,25.0,34.30825
P09158,50.0,39.1353333333
Q9WZC2,59.0,75.3318571429
Q970Z7,80.0,64.2724428571
Q9HIA7,70.0,56.9860666667
A4VLZ3,25.0,31.887
C3MC80,50.0,36.747
Q257D4,37.0,35.95
Q60AN4,33.0,36.7894
A2BJU2,95.0,65.94965
Q9YC66,60.0,71.5786238095
Q8II79,37.0,38.4156666667
Q12051,25.0,35.8973333333
A3MSR0,105.0,69.1565928571
Q5LI17,37.0,34.109
P60472,37.0,32.5465
Q6GHH5,37.0,37.3802333333
Q8DRB3,37.0,39.2496666667
A0A087IPJ7,37.0,34.189
M1WA41,30.0,37.2886833333
B1ZU21,28.0,33.5706666667
B5APK2,37.0,34.393
F1AQF9,37.0,35.1355
O15635,37.0,40.725
Q84IF9,45.0,49.748
P45040,20.0,36.59275
A4HPM6,37.0,34.8325
A8YBP8,25.0,35.8276666667
A8YBS4,25.0,36.06
Q1M0P5,45.0,31.9008333333
Q76K51,70.0,60.6193083333
Q93I77,70.0,57.38595
Q9YEJ7,95.0,66.7752666667
P0AB91,25.0,31.9856666667
Q9K169,30.0,33.0905
Q5R082,40.0,36.6863333333
A0A090IMH4,30.0,34.0781
P54419,45.0,36.96975
Q9K5E4,35.0,36.0088666667
Q8TZW1,90.0,78.0061666667
Q3HW35,35.0,35.25675
A8CBH8,65.0,36.18125
W8JNL4,37.0,37.0125833333
Q79FV4,22.0,40.71685
Q9UUB1,37.0,38.3269166667
A2R1N3,37.0,33.5683333333
Q8PYS1,40.0,34.0250333333
Q5AJZ3,30.0,37.5638333333
Q9YC66,60.0,71.5786238095
Q9HH76,60.0,58.3044
Q9Y7P0,37.0,38.3346
Q5I7E1,37.0,33.4035
O58212,37.0,76.3203333333
Q0CZR3,30.0,33.289
A1CRX0,37.0,38.9873333333
Q9YC66,60.0,71.5786238095
S6AGL5,37.0,34.2806666667
S6B6P7,37.0,35.034
A4WRA3,25.0,38.269
Q9Z5D6,30.0,37.966
Q939C9,45.0,34.9163333333
O96142,37.0,33.9134166667
Q8G8Y2,37.0,32.8523
Q2MF17,37.0,34.536
Q53U20,33.0,35.113
Q643C8,25.0,33.2156
Q58097,70.0,66.0960833333
Q8EEB1,37.0,33.73975
Q6LFH8,37.0,36.0156666667
Q8G545,55.0,34.564
Q8NRE6,37.0,32.7685
Q9ZGH0,37.0,33.558
Q0P9D3,37.0,34.6989833333
Q5XPV2,25.0,31.787
Q0E9S8,37.0,34.3827666667
Q7BPX6,38.0,39.8833333333
F2L0W0,95.0,71.59225
H8WR05,55.0,34.642
P27833,37.0,34.503
O52250,25.0,36.2644
Q9APM5,35.0,39.2856666667
Q6JE91,37.0,33.13
P42588,60.0,32.6128333333
A0A060IGN1,25.0,32.1681
Q7DC81,28.0,32.6518333333
G3XCK6,28.0,32.6518333333
P77690,30.0,34.4672
Q9X0D0,60.0,65.6715333333
E1V913,50.0,36.755
D2D3B2,25.0,33.216
Q9ZGH0,37.0,33.558
P33284,25.0,36.3623166667
A0SZU9,30.0,33.3725
Q96VP5,37.0,33.8251666667
Q7ZAH1,50.0,71.5466666667
Q5SLJ4,50.0,64.548647619
Q969A8,37.0,34.5543333333
Q52MQ5,30.0,34.1361666667
Q6PY95,30.0,31.554
P09979,38.0,38.8478333333
Q8NMT0,37.0,34.5598333333
Q58999,50.0,62.5968333333
O59355,50.0,63.7628333333
E8MF12,40.0,37.754
Q58933,37.0,59.4673333333
O58231,45.0,73.3943833333
Q7LXP1,80.0,69.2824
Q9HKZ0,63.0,59.18225
Q703V9,90.0,66.0911178571
Q4QNS8,37.0,44.2187333333
Q2FUB2,40.0,32.081
Q12382,30.0,37.1001333333
O07177,37.0,36.879
A1TH50,45.0,35.95725
O54204,45.0,37.16775
Q54944,25.0,36.8230333333
Q9HK44,60.0,53.7186547619
P54495,32.0,41.4608095238
P0A4E1,33.0,35.3175
A5U4N0,37.0,32.37
Q5JDG9,85.0,71.1005666667
Q5JEK6,90.0,74.90655
P0A6I3,37.0,31.9118333333
p37564,25.0,36.53115
Q6L2I5,55.0,60.9010166667
Q5JHF1,75.0,74.0805
Q4Q6K7,30.0,37.1315833333
O05510,25.0,36.2374166667
C4M2I2,37.0,32.7715333333
G4T023,60.0,35.0835
P0AD62,37.0,35.016
P51182,50.0,35.3481904762
Q6GG09,37.0,41.012
A1RX09,45.0,64.9171833333
Q96XN9,80.0,71.0387380952
Q08224,35.0,33.1563571429
Q76LT2,30.0,35.231
Q9ADE8,28.0,36.538
P0AEW6,36.0,38.2465
Q57936,55.0,67.9263333333
Q27651,25.0,35.3793333333
Q9FAF8,37.0,34.9165
Q9HJT3,22.0,61.0315
Q65EY9,25.0,32.2010142857
Q65EY9,25.0,32.2010142857
P58764,22.0,34.0022
M1R344,30.0,33.9696666667
Q8NU97,37.0,39.0230166667
Q8NU98,37.0,37.0871
P9WI71,37.0,37.733
P9WI83,25.0,36.0453333333
O83032,30.0,41.748
C3W7W0,30.0,37.9467666667
F2XG10,30.0,35.2805
Q8WSQ3,22.0,32.3106666667
P23293,30.0,46.0173333333
P42527,24.0,34.88925
P90648,25.0,38.7684166667
Q9GRT1,40.0,32.4926666667
P16497,25.0,33.6871
Q9ABE3,22.0,34.5425
Q9S434,22.0,34.984
G3XD98,22.0,34.9945666667
Q9HX42,22.0,33.6618333333
Q8DT64,37.0,36.8486666667
Q9F1X7,53.0,38.2701333333
A2RNG4,30.0,35.74975
A2RNG5,30.0,37.2305
P0CW04,35.0,36.3174
G4T0C7,70.0,32.7989
Q9WYB1,37.0,73.056
C4M1C3,37.0,32.8637833333
A0A0H3BY05,37.0,36.7371428571
P46273,25.0,35.1304761905
Q01655,58.0,33.5025
P20971,80.0,67.5389297619
Q95PK8,22.0,43.8485
Q95PK9,22.0,35.567
Q0ASS9,30.0,33.023
Q01217,37.0,34.5001166667
A0A0H2X8L7,30.0,31.326
A0A0F6WMX1,25.0,34.4205
U3T1K4,25.0,33.3051666667
U3T2Y2,25.0,32.0897666667
G5ADV1,30.0,33.3060833333
Q54BM7,37.0,33.2184
B1HP60,37.0,33.8161916667
B4EY92,37.0,33.3049666667
Q5LSN8,30.0,34.576
Q5LU04,30.0,39.5680595238
Q5LX16,30.0,41.5383
Q8DMA8,60.0,52.2566666667
Q72JY1,70.0,60.9535833333
A3MTW6,120.0,64.69275
C4M387,37.0,37.4464166667
Q60352,37.0,65.1112833333
O26153,37.0,67.2781666667
Q9HLX1,37.0,56.2775
P43408,70.0,73.1395333333
Q04ML5,37.0,37.388
Q8GGL2,80.0,64.7821
Q9UUY8,30.0,34.7533333333
Q08224,35.0,32.7693928571
Q83XD3,44.0,35.30725
A0A0S7ASE9,65.0,60.2155833333
Q58761,85.0,63.9804333333
A3MV85,55.0,66.2582666667
Q97Z86,60.0,67.4870595238
P26281,23.0,33.8625
Q5NGA7,30.0,35.3346666667
P53848,37.0,33.0736666667
O26253,65.0,65.6600595238
P25576,30.0,36.2430333333
Q4DPR9,37.0,34.4846666667
P07874,37.0,35.7628166667
O58649,95.0,86.259
Q8IDM2,37.0,39.8116666667
P9WJJ5,37.0,32.6585
Q8IE38,37.0,36.4223333333
P9WMN3,40.0,42.075
P39669,37.0,36.9920833333
B9WCR8,22.0,38.2164166667
P0A6I6,22.0,34.9165
P44805,22.0,35.647
Q9I6D1,25.0,33.7543333333
Q8DVH2,22.0,38.3995
Q8DNE6,22.0,37.8177333333
O54003,75.0,59.4352
Q57430,37.0,42.8668333333
O58649,95.0,86.259
O58649,95.0,86.259
Q836D9,37.0,37.524
O66036,30.0,36.057
B6JVL2,36.0,34.8533333333
Q9P381,36.0,35.5116666667
A7Y9V0,27.0,33.597
Q9AFG9,37.0,35.2296666667
Q381M1,27.0,34.355
Q8RQD1,30.0,32.271
O08348,28.0,34.9445
P0A0Y1,28.0,32.9565
Q8PC55,28.0,33.40975
Q8PC56,28.0,35.45
Q58517,37.0,67.46325
Q4QE75,25.0,31.6096666667
D3YBH2,37.0,33.0623333333
Q6ARU5,30.0,36.01275
Q9KPJ7,20.0,34.2826666667
A8A8J4,70.0,71.4242833333
P81409,78.0,65.5378333333
P13382,37.0,34.7486666667
P95690,65.0,65.4713333333
Q07635,49.0,63.3854666667
A0SXL5,74.0,66.4068666667
K4Q1U9,50.0,67.5845
P06961,37.0,32.4995
Q8U1Z6,80.0,69.8077
Q1AWQ0,80.0,57.2049
Q9ZAE1,65.0,69.0294452381
P12282,22.0,32.824
A0A0S3WYP3,37.0,33.2555
C7GP37,37.0,32.2948333333
Q8GQP8,37.0,35.3653333333
P95980,37.0,65.1018666667
Q975F9,80.0,64.1320833333
Q975F9,80.0,64.1320833333
Q975F9,80.0,64.1320833333
Q975F9,80.0,64.1320833333
P06197,22.0,36.9098333333
C4TGF1,37.0,42.9273333333
Q58653,37.0,62.1835833333
D0U690,20.0,36.167
Q9X1N5,65.0,58.2380833333
Q8U1Z6,80.0,69.8077
P0AC78,37.0,33.7785
P9WMW5,37.0,36.0736666667
O27106,60.0,65.6298833333
O27726,60.0,66.17985
Q7LXU6,80.0,66.4332666667
P75785,37.0,36.183
Q5APF3,22.0,33.7733333333
Q4QCW3,37.0,34.0638333333
P23830,35.0,37.8473333333
Q9GN79,25.0,33.7789166667
Q4Q0M0,30.0,32.3238333333
Q6LXJ6,37.0,35.00295
D4GYV5,65.0,56.0232
Q386Y7,25.0,33.9685
B3EY95,30.0,28.856
O28511,70.0,67.8928
D0EPY0,50.0,34.187
G3JWZ2,50.0,58.2476
Q840T2,37.0,38.327
Q8KT44,30.0,37.1136666667
Q8KWI9,37.0,39.8378333333
Q8VU79,30.0,32.784
Q3HWU8,62.0,40.3953333333
Q8NKS0,80.0,75.5151761905
B5THG6,40.0,35.7346666667
M5DDN2,80.0,66.6892428571
Q97VU2,70.0,70.1495071429
Q97VW1,75.0,65.2895261905
D1A2H1,58.0,51.4828
D1A9G5,58.0,51.9295833333
Q75NT4,45.0,42.2219166667
Q2TFW1,25.0,38.5855833333
Q5FSJ2,40.0,37.002
Q7WZT5,53.0,38.3543333333
Q9LAH7,38.0,36.6555
F9UMI7,40.0,39.001
Q4J6Z8,25.0,67.9324166667
B5BLW5,94.0,68.6927738095
B3Y018,40.0,37.493
Q0K9H3,30.0,38.9891666667
V5YT97,50.0,34.1913333333
Q4J6Z8,25.0,67.9324166667
Q97VT7,25.0,65.297
O28511,75.0,67.8928
A7UM95,35.0,33.2985416667
Q8RJP5,45.0,41.294
A0EJ12,70.0,38.257
A9QXC9,40.0,41.79225
Q4JL88,70.0,43.1249166667
Q8NIN8,39.0,35.73125
Q3T5M2,40.0,55.7285
Q9L6D3,55.0,51.8405
P77909,37.0,33.468
Q7LST4,46.0,39.4866666667
Q3IF07,40.0,35.03375
A8QYB2,30.0,33.998
Q9KJG6,35.0,34.786
Q670W0,20.0,39.949
Q8TZJ1,66.0,69.5232833333
Q8U3I6,70.0,67.5384166667
P61872,37.0,37.3525833333
Q2QFX1,37.0,38.3845
Q0MVP2,37.0,40.424
Q84EK3,37.0,37.6868333333
Q2TPV1,37.0,37.5108333333
Q9F0Q9,42.0,41.709
Q93J06,38.0,40.247
Q9S2A5,38.0,40.50025
Q47RJ6,60.0,48.52275
Q47RJ7,60.0,48.79825
I0CKV2,40.0,38.0673333333
I0CKV3,40.0,33.2681666667
Q3HRV6,40.0,36.53925
Q872L3,43.0,36.09625
Q872L4,43.0,38.1083333333
Q9P8F7,39.0,34.779
K0J3J2,50.0,40.0075
Q6KBS7,22.0,34.0528333333
H2EIY3,37.0,34.842
Q8RR52,45.0,40.641452381
Q6UV28,37.0,45.5565833333
M1JUH6,40.0,37.9561666667
Q9WXT2,100.0,64.5357166667
A7YN26,60.0,36.55175
B9WPN8,74.0,69.8910666667
Q7Z8L3,40.0,40.722
Q8TZI9,70.0,72.05985
Q5JIE9,85.0,69.7052261905
Q75P26,45.0,44.0603333333
E0RVY7,37.0,37.0083333333
Q8RBF4,60.0,63.5168333333
Q8GH59,37.0,41.0163333333
Q09IZ4,40.0,45.9216666667
Q8WZI8,40.0,41.80625
A0A068FNL1,50.0,39.9700833333
Q0CBM7,45.0,39.9700833333
F9UM18,34.0,34.554
Q9HGR3,55.0,40.4878333333
Q3V6C9,50.0,34.88975
V6BP73,50.0,32.2605
Q3IL66,20.0,35.93275
A7EQQ8,37.0,34.3325
E9LVH8,25.0,46.65
E9LVH9,25.0,47.2753333333
A0A8W8,65.0,42.8805
C7A621,37.0,38.9561666667
P12625,35.0,49.4079166667
Q84C08,35.0,39.847
Q5Y152,43.0,34.602
Q6PLI2,40.0,36.3946
Q97VU2,85.0,70.1495071429
A3FJ64,28.0,35.3641666667
Q7B8C0,37.0,36.3371666667
Q7B8C1,37.0,36.3371666667
Q7B8C2,37.0,36.3371666667
Q7B8C3,37.0,35.3641666667
Q7B8C4,37.0,36.3371666667
Q7B8C5,37.0,35.3641666667
Q8KI79,37.0,36.3371666667
Q8KTW4,37.0,35.5726666667
Q8KTW5,37.0,36.722
Q8KTW7,37.0,35.6308333333
Q8KTW8,37.0,35.5848333333
Q8KTW9,37.0,36.35925
Q8KTX0,37.0,35.54575
Q8KTX1,37.0,34.9341666667
Q8RJA0,28.0,35.1031666667
Q8RPW5,28.0,35.8614166667
Q8RPW6,28.0,36.1688333333
C6L862,37.0,35.313
D2D3B6,25.0,35.3835
Q9V2R8,37.0,69.5563333333
Q97WI2,37.0,61.4688666667
Q53VZ1,60.0,60.448
Q38DE2,24.0,33.144
Q9V076,80.0,74.0853833333
Q4J6E1,65.0,76.450697619
Q980D0,65.0,67.3746547619
Q5JH57,65.0,70.96225
P0AGG2,25.0,33.4278333333
Q93CG9,25.0,39.1855
P41903,30.0,36.0525
P0A8Z0,25.0,40.1187571429
P0AGG2,25.0,33.4278333333
P44886,25.0,34.637
P41903,30.0,36.0525
D3JV05,30.0,35.3143333333
Q81DR3,37.0,34.71875
Q581U6,25.0,34.3205
Q6KF36,25.0,36.74975
G8ZFZ3,85.0,67.6067166667
Q5JI33,75.0,65.5848333333
Q49422,38.0,34.273
E7FHX4,60.0,61.72895
Q7LXU0,60.0,61.8211666667
Q97YX6,60.0,62.60525
P44443,30.0,35.0435
Q9YET5,50.0,71.5115
O29634,30.0,63.80785
P0A7Y4,30.0,38.5884
P10442,45.0,36.656
Q6L6Q4,70.0,54.2383333333
Q9X122,30.0,69.5570333333
B1Q4S7,70.0,45.1669166667
A8WEG4,65.0,60.6580833333
B0R9W3,29.0,43.839
Q9UZV2,70.0,68.0864047619
Q153J0,78.0,70.32275
D3GGN3,45.0,34.4729666667
Q1W5Y8,65.0,34.2699428571
Q88M11,45.0,33.3475
P0A9C9,37.0,36.0675
P21437,37.0,32.6575
Q8TZH9,100.0,65.051
P36136,30.0,36.3096666667
F9VMT6,48.0,66.7593261905
Q8NKR9,95.0,69.4287666667
G4RK44,80.0,75.4910166667
Q7WUI6,70.0,59.2449833333
S5FT07,30.0,36.6943333333
S5FU55,30.0,34.736
Q4JAD1,70.0,68.454
Q4JB88,70.0,69.1542833333
P19881,37.0,35.1555
P0AE22,37.0,39.5233333333
P26093,25.0,43.6776666667
A9XDF5,37.0,35.0575
A9XED1,37.0,35.1405
A9XED2,37.0,35.3285
A9XED3,37.0,35.0255
A9XED4,37.0,35.085
P24031,37.0,37.519
B3EWC6,50.0,51.037
Q6FBP5,30.0,34.693
B3VPB3,50.0,37.9375
O93838,57.0,37.256
P34752,57.0,37.1516666667
O00085,70.0,35.4296666667
Q8KTX7,65.0,43.9146
B1GSN6,46.0,40.198
Q003Y3,55.0,32.7895
C4B6T1,50.0,36.2944333333
P07102,48.0,33.1566666667
Q6RK08,37.0,32.4
H9TUK5,65.0,33.9015
Q96VF5,43.0,38.895
Q000T0,55.0,33.231
H9TUK6,55.0,33.40525
Q7CIZ7,46.0,34.0376666667
B4X9S4,46.0,33.3028333333
P42941,37.0,31.9854166667
Q8L1N9,55.0,57.4144166667
Q6MNP0,50.0,35.4675
Q72JF6,75.0,65.9536309524
P40025,37.0,35.0669166667
Q2VPS0,90.0,65.98495
Q9HTR2,37.0,38.2963333333
B3VPB3,50.0,37.9375
O93838,57.0,37.256
P34752,51.0,37.1516666667
Q6T9Z6,55.0,36.7745
O00085,70.0,35.4296666667
A4UU76,60.0,41.7549333333
Q8KTX7,65.0,43.9146
F1DH12,55.0,37.8055
H9C9P0,50.0,41.5513333333
O31097,37.0,40.061
P42094,37.0,41.1713333333
Q84B22,46.0,40.2
Q93GB6,37.0,39.828
Q9F657,37.0,40.9693333333
Q6RK08,55.0,32.4
H9TUK5,65.0,33.9015
Q6YNE9,37.0,37.1240833333
Q6U677,45.0,34.6485
Q6YNE9,55.0,37.07575
D3HIF3,65.0,37.7751666667
D9D7K9,50.0,33.966
H9TUK6,55.0,33.40525
Q7CIZ7,55.0,34.0376666667
B4X9S4,55.0,33.3028333333
P9WIC6,37.0,40.825
O31667,25.0,35.5393333333
Q7UIS7,40.0,33.17
P13717,37.0,36.6293333333
Q7A6P2,45.0,35.8461666667
Q3ZTU7,25.0,33.801
Q9TZN8,30.0,33.3268666667
P53052,37.0,38.158
Q5ZZJ8,37.0,35.2935
P06961,37.0,32.4995
Q53728,30.0,37.194
Q9HV27,30.0,36.756
Q9HWS0,30.0,33.412
Q9HX69,23.0,34.3657142857
Q8EJM6,30.0,33.641
D4P095,25.0,35.0383333333
Q58247,70.0,63.7624833333
Q5W503,65.0,33.8508333333
B5BLW5,94.0,68.6927738095
O29675,75.0,57.2670833333
Q97WW0,50.0,62.1417321429
G8YXZ9,95.0,73.0359166667
A4ZV25,43.0,51.2836666667
K4L7X3,30.0,32.101
P06278,44.0,41.3668333333
P20845,60.0,40.8688333333
A8VWC5,65.0,40.4
B8Y1H0,60.0,39.1256666667
P06279,80.0,55.2365714286
L8B068,41.0,45.5665
P29957,29.0,45.1571666667
Q47R94,72.0,50.497
B5ARZ9,75.0,65.2549666667
Q9AF93,37.0,36.8453333333
C0JP82,34.0,36.4605
C0JP83,34.0,40.2036666667
P0CW40,42.0,41.0690333333
P40884,42.0,41.2832
P53051,39.0,41.0252
Q08295,42.0,41.1755333333
Q9Z4P9,50.0,43.6228333333
Q6RUF5,37.0,39.5275
C0HJE3,35.0,45.0605
A5FBI1,60.0,38.392
A8F6K5,58.0,66.6677619048
Q8J0Q0,37.0,38.1663333333
A0A0A0Q4S7,50.0,51.8189166667
Q97DP6,37.0,36.9335
Q97LM4,37.0,36.9926666667
A0A0A0V7L5,40.0,37.1889333333
A9P7F5,50.0,42.7971666667
A9P7F6,50.0,42.7371666667
A9P7F7,50.0,42.7971666667
A9P7F8,50.0,42.4736666667
A9P7G0,50.0,42.2898333333
A9P7G1,50.0,42.4901666667
A9P7G2,50.0,42.5081666667
A9P7G3,50.0,43.1101666667
X5CPN2,40.0,36.8615
P19531,53.0,62.0786666667
G8N704,80.0,69.0127
A3DM60,100.0,64.6692619048
Q9AIV2,55.0,45.81
Q9ZAP8,50.0,39.0264166667
A1XM14,50.0,46.2335
A7M022,37.0,37.2716666667
A0A0A0V7L5,40.0,37.1889333333
A3LY17,60.0,41.5668333333
P96105,80.0,70.6213333333
Q25BN2,42.0,42.0415
A5A699,50.0,43.4616666667
B7UB89,53.0,43.6456666667
Q1EM71,55.0,43.4616666667
A5YRG4,55.0,47.3126666667
Q06HA3,45.0,35.451
B3GGC7,60.0,46.1983333333
F8WSQ0,46.0,50.5998333333
F8WSQ1,46.0,48.21
F8WSQ2,46.0,47.1493333333
F8WSQ3,46.0,48.6098333333
F8WSQ4,46.0,46.5825
Q75ZW9,60.0,44.5410833333
Q9CE95,22.0,42.5873333333
B1VBB0,28.0,42.0102666667
Q5YLC0,37.0,40.0963666667
E5FGC5,55.0,39.435
P48827,48.0,42.4586666667
Q12713,48.0,43.2390833333
Q25BT4,40.0,41.83875
B3TLD6,30.0,44.8723333333
A0A024QYS6,60.0,46.1761
P95867,73.0,64.4824166667
I3WU34,50.0,46.474
A0A061M1M5,40.0,49.5821666667
B6F260,30.0,44.894
A8YPP2,45.0,42.965
A8YPP3,45.0,43.231
Q6TA03,55.0,42.9223333333
O59925,37.0,45.0496666667
P47180,45.0,46.524
F5B9B9,45.0,45.49
A1XP58,55.0,47.5086
Q82K30,58.0,49.2225833333
Q82M04,58.0,49.9155
H8F9Y0,40.0,39.03175
A1A048,40.0,39.0983333333
E3W9G3,50.0,51.0005
Q7S2S4,50.0,44.1186666667
Q56F26,60.0,45.6135
Q76HN4,80.0,73.4027833333
D2DMF3,37.0,36.799
Q8KKF9,37.0,41.2805
O31521,30.0,38.3123333333
Q55FE6,45.0,43.0938333333
F0ZJZ1,55.0,44.4443333333
B3PBD9,25.0,38.486
D7GXF9,30.0,45.5768333333
D7GXG0,30.0,40.408
Q8AAK9,40.0,34.6176666667
Q9EZV6,37.0,37.538
Q9EZV7,37.0,40.4053333333
C6XY24,30.0,36.7473333333
C6Y0D8,30.0,43.9245833333
C6Y1N7,30.0,42.03875
Q8DR77,34.0,39.9106666667
Q9A0T3,34.0,41.867
F7J1C8,48.0,45.7065833333
E8MGH8,38.0,39.9314166667
P36924,37.0,39.7428
P06547,40.0,43.4071666667
Q9RM92,50.0,37.9739166667
A2QJF7,60.0,38.5230833333
P56526,37.0,38.5230833333
Q2V621,37.0,36.4445333333
E1CJT1,50.0,39.8826
Q6L2X4,87.0,61.7909166667
Q9C0Y4,35.0,37.9598
Q4J9M3,98.0,72.0083166667
P0CD66,85.0,67.8953333333
F9VPH0,88.0,66.88685
O33830,90.0,72.7954166667
Q7PC53,37.0,43.2278333333
Q9UWR7,85.0,78.1882055556
Q9UWR7,85.0,78.1882055556
Q9AJS0,70.0,52.6225833333
Q9P8F4,70.0,40.5383333333
A4XIG7,70.0,71.3068333333
A1C3J9,40.0,35.345
Q6QGY5,40.0,36.632
A5A4M8,70.0,34.72
Q9AT27,50.0,37.787
E7FHY4,85.0,88.74
Q97UH8,65.0,71.5428666667
A1S0B1,90.0,63.78305
Q9HIL6,90.0,57.1407333333
A5IL97,85.0,78.4412833333
Q0GA07,83.0,68.3755166667
I6TNE2,45.0,41.9861666667
Q2XQ11,50.0,34.506
Q6IYF5,50.0,35.812
Q97U94,90.0,69.8086309524
G2RGW4,70.0,42.9625
Q0R5R5,68.0,53.359
P29853,65.0,38.4731666667
A3FFK4,55.0,39.6701333333
O52847,55.0,39.0338333333
P00723,37.0,39.533
Q6QTF4,37.0,39.506
A0SWS3,55.0,38.4725
A0SWS4,55.0,37.05875
Q1G9Z4,43.0,38.657
Q19R71,53.0,37.9773333333
Q19R72,53.0,39.1151666667
P81650,48.0,37.02525
E7FHC0,90.0,77.5218666667
Q6L2X5,70.0,64.4379166667
Q0ZR36,39.0,38.7891666667
O33833,37.0,69.1357
B8YJM2,68.0,44.3988333333
A1YQE2,55.0,34.043
A9XE63,30.0,41.2526666667
O42783,30.0,36.2243333333
B6ZIV1,37.0,35.3998571429
A1XBT9,88.0,72.8321
E2GDF4,60.0,42.7735
Q9A613,40.0,40.968
Q0H9W2,65.0,46.6276666667
Q6KYX5,70.0,58.8205
Q9AHJ8,65.0,37.451
Q7SFB0,45.0,41.3285833333
Q6W7J7,37.0,40.9835
Q97UI1,75.0,69.0446833333
B9K760,85.0,75.8495833333
A0A023J5W7,70.0,40.2055833333
O00089,60.0,38.558
Q2URT3,30.0,40.5308333333
A0A0A0R2Z1,50.0,48.644
Q97UI4,83.0,64.0684166667
A2ICH1,65.0,68.2133666667
P94804,22.0,39.207
G9M5R4,50.0,39.1389166667
A5IL44,91.0,65.616
G0L5X4,39.0,42.784
A0A0F7TAS1,80.0,62.1023333333
A0A0N7E7X2,60.0,47.0354833333
O74705,70.0,44.2776333333
A8D0T0,50.0,41.2029166667
B7UAM4,63.0,40.80275
P10474,85.0,65.89
Q3ZMA8,60.0,49.4837857143
O65987,40.0,41.6208333333
Q9AQF4,40.0,40.8736666667
Q9LAJ2,40.0,43.4494166667
Q9RGE6,40.0,41.37625
Q9LCC5,40.0,42.5196666667
A7E948,50.0,46.1204833333
Q97YG7,95.0,74.03925
G4FFR3,85.0,71.1409166667
Q9PF60,65.0,41.6688333333
C4PG45,55.0,38.1563333333
C4PG47,55.0,39.0938333333
Q9HHB0,85.0,76.45325
I3WU34,50.0,45.1236666667
O30772,105.0,69.8675833333
Q4J9M2,100.0,71.24825
C5IGQ7,70.0,63.1525
C0LLG9,80.0,73.2571738095
Q6UVM5,40.0,37.365
A2QL72,55.0,42.6419666667
G5D7B5,53.0,43.8365
Q8XM24,50.0,37.7861666667
Q9CFI2,37.0,40.3286666667
P96155,38.0,34.6950833333
Q5BLZ6,58.0,56.5036666667
Q8TZP8,85.0,71.5138333333
Q5JJ59,65.0,74.88125
D6QST5,50.0,48.4460142857
Q2UIM2,45.0,45.4156071429
Q6RKQ1,55.0,44.9057738095
Q2MJP5,60.0,33.569
P94531,51.0,36.9568333333
P94552,55.0,34.36785
Q45071,45.0,44.2243333333
E7CY70,57.0,38.0616666667
Q841V6,45.0,38.7163
Q9XBQ3,40.0,60.0485
A0A0A0R2Z1,50.0,46.1910833333
B5MGR0,50.0,40.6790833333
B5MGR1,50.0,44.1078571429
B5MGR2,40.0,47.5441666667
E2GHW5,37.0,45.362
Q82P90,45.0,41.9673833333
Q9WYB7,80.0,72.442
A5IKD0,70.0,67.2074166667
O00105,25.0,45.5058666667
H6UWP3,60.0,41.4541833333
A7L6C9,40.0,38.66
Q84GK1,60.0,43.7651190476
Q8GMY0,45.0,43.8763333333
A8CGP1,40.0,43.2240357143
H1AE12,33.0,31.992
Q65GW7,50.0,40.3315
W8GV60,35.0,42.7494166667
Q43998,30.0,40.4697666667
Q5W9U0,30.0,42.9334
P28999,50.0,45.3192166667
Q5FMB7,39.0,39.5534166667
Q2HWU5,37.0,36.65325
Q99040,37.0,36.2485833333
K7XFI7,65.0,42.137
A8CGP1,45.0,43.2240357143
G0YW23,60.0,43.5196190476
P04957,50.0,41.4626166667
K0A689,40.0,42.3217833333
Q21KE5,30.0,39.9395666667
G0L5X4,39.0,42.784
Q53EH2,50.0,36.2505
F8WPI4,55.0,46.1896833333
Q00012,50.0,43.9375
A2R6F5,50.0,40.58025
B6V876,80.0,43.1180666667
Q0IJR6,60.0,42.3323333333
Q49HI4,58.0,39.4483
D0UHB3,55.0,41.3038333333
B5LX62,50.0,41.1014833333
D0UH99,70.0,40.48075
O05512,60.0,38.5978333333
P49425,85.0,74.2161083333
A5IMX7,87.0,71.5805833333
Q8P9S0,37.0,37.7186666667
F5CI28,50.0,44.5283333333
M4QNR9,80.0,37.6243333333
Q5EFR9,50.0,40.3178333333
Q45VU2,60.0,47.7583333333
A1XM14,50.0,46.0743333333
T2M1V1,55.0,41.5313
Q6UN40,37.0,48.3808333333
Q8J1V6,70.0,49.10325
I6Z823,73.0,52.807
I6Z9A7,73.0,53.1598333333
I7A603,73.0,50.999
A0A067XRW0,60.0,37.9721
A0A0A0R2Z1,50.0,46.1910833333
B1A3N2,60.0,41.2725
E3WF08,35.0,32.677
Q8RJN8,25.0,39.5245
P35809,50.0,45.1216666667
Q9X584,60.0,41.3434761905
Q8CJQ1,60.0,42.0981428571
A7TVD4,60.0,42.0514761905
Q97YG7,90.0,74.03925
Q56265,55.0,55.252
O74641,55.0,40.6049
Q6F4N4,53.0,47.5513333333
E7FKF4,55.0,43.1853833333
W8QF82,40.0,64.183
P17411,36.0,34.7228333333
Q1JK37,37.0,38.093
Q65CX5,40.0,42.1079166667
B5MGR3,40.0,44.9721333333
Q9X0S8,90.0,69.9446666667
A4XIF7,83.0,65.89
P10474,85.0,65.89
A3F8V2,60.0,46.89025
A7WNU1,65.0,49.0748928571
I1SB08,45.0,44.5768928571
Q5S1P9,35.0,45.8974
W8P6D0,42.0,42.2823333333
G2QXZ9,55.0,43.6499166667
Q7X0Z0,55.0,41.5867833333
G5ELM1,55.0,37.794
Q3T552,60.0,40.8863333333
Q8XMJ5,60.0,41.387
Q833X5,45.0,41.4316666667
Q65GB9,55.0,42.1034166667
Q65L63,55.0,45.9816666667
B3EYM8,40.0,60.0724166667
V5LER1,40.0,45.2641666667
Q5H7M8,50.0,44.9975
A5IKD4,73.0,68.53
T1WFD0,60.0,42.2790833333
Q8NMD5,45.0,35.131
Q51723,95.0,82.7681428571
A7UHH1,80.0,36.7730357143
P9WJN3,37.0,36.63
A7UHH1,80.0,36.7730357143
P50465,37.0,33.7754
Q9RWH9,37.0,39.3385
Q8ZXE0,70.0,68.7561333333
Q8ZYS2,70.0,67.3799571429
Q8U144,80.0,62.0471666667
Q9HKW6,60.0,64.9424166667
Q5SJG5,37.0,63.0820833333
A5U6Y7,37.0,36.1835
Q04179,37.0,34.5493928571
Q0PC20,25.0,35.7133333333
Q56685,30.0,38.9559166667
Q9F0R5,30.0,43.3764761905
O29876,55.0,57.3143333333
Q8FRJ4,40.0,37.1206
P50251,88.0,71.4395825397
A0A077AY47,60.0,33.275
Q9UR30,37.0,33.7473333333
Q95V75,37.0,32.7704166667
Q7KF27,37.0,32.7215833333
Q4A9M4,37.0,35.3430833333
Q4DZJ3,49.0,33.9459166667
P25152,30.0,35.6263
P24828,60.0,55.8833333333
Q8RLK7,37.0,35.73625
Q01693,25.0,43.6173095238
Q8TZW4,100.0,73.3053333333
P9WK19,37.0,39.832
P9WK21,46.0,37.8325
G7H7Y1,40.0,35.5881666667
Q8YG38,40.0,33.048
Q2U9Z9,50.0,36.7308333333
Q2UPZ7,50.0,30.7465
Q5WA30,37.0,42.2366666667
C6L823,30.0,35.551
M4MBM1,32.0,37.287
P25152,30.0,35.6263
Q8I2J3,37.0,34.2831428571
P95928,80.0,71.5298333333
Q5JH87,80.0,71.0836666667
Q5JHA5,80.0,72.3628
Q06241,37.0,38.20675
A8WBX8,50.0,37.3094166667
O58691,100.0,66.72505
O58885,90.0,66.482
O59565,90.0,70.8585666667
P81535,90.0,64.66775
O35010,37.0,33.7300833333
O66223,25.0,37.486
Q673U2,37.0,38.0158333333
Q9HTZ1,37.0,34.511
P42663,75.0,63.272
P80092,41.0,66.8895833333
Q8U3L0,90.0,65.24
Q7LX61,80.0,71.4101785714
Q97VD6,90.0,61.2368333333
Q973W9,70.0,50.38725
Q4KIM5,50.0,45.9715
L7Z147,50.0,44.9545833333
O07883,70.0,68.7785952381
O35002,25.0,35.3948333333
D6BU29,40.0,36.0913333333
P08594,40.0,72.0313833333
P26937,37.0,33.8787
Q9X6R4,34.0,39.2578333333
A2QR21,37.0,47.7628
Q7M135,37.0,45.06825
B2RKP0,37.0,39.0458333333
A8HYF7,37.0,33.093
Q84FG5,60.0,46.1255
C9DRU9,55.0,61.3449666667
A0A2C9ETQ7,30.0,33.198
Q8NKS6,83.0,72.97425
Q5JIZ5,80.0,74.0363
S5S2B8,40.0,41.3221666667
P12547,40.0,38.2545
B5Y6G0,70.0,68.587
P44969,37.0,39.619
Q51169,37.0,37.32225
C0ZRJ2,20.0,38.4983333333
K0J8D4,20.0,38.657
K0J2A4,30.0,40.004
P96091,37.0,42.0408452381
Q9RDE2,37.0,36.3973333333
B6CND6,50.0,33.7216666667
B2RKU0,37.0,38.03975
P28784,37.0,39.25825
Q51844,37.0,38.02885
Q01532,30.0,36.1005
B2RLK2,37.0,43.6653333333
Q6R7Z5,37.0,42.0460833333
P25806,58.0,38.6157619048
A1S3N8,46.0,40.1033166667
P17118,90.0,66.8888333333
Q97WS1,70.0,69.0705
Q97YX7,70.0,73.1237583333
P17811,37.0,42.0401666667
P09169,25.0,40.4068333333
P34210,37.0,41.5476666667
Q97YX7,70.0,73.1237583333
Q4U6L1,37.0,40.726
Q4U6L2,37.0,40.582
L0AQH5,40.0,39.847
P43133,65.0,57.683
Q9F8Q4,37.0,42.16025
Q3YAW3,45.0,42.807
P10844,37.0,36.829
Q00496,37.0,36.221
Q57236,37.0,37.09575
Q5SI82,65.0,67.2807642857
Q71E77,45.0,37.5536333333
W5RWH8,40.0,65.0514666667
Q9WZ49,50.0,71.1500833333
O34360,37.0,36.9386666667
Q7LXP6,58.0,65.7387333333
R4L284,37.0,36.0008333333
W0KM71,37.0,34.3313333333
Q9RFN5,50.0,33.9518333333
C5A6Q4,85.0,73.2800873016
Q5JHT1,90.0,72.8721
Q76KX0,45.0,31.697
Q57580,70.0,61.7405714286
O53444,37.0,40.1076666667
P37794,37.0,31.1763333333
Q6F4N1,73.0,66.9071785714
Q99PX1,45.0,41.9175
A6P4T5,37.0,42.2173333333
Q83YY8,60.0,39.2585833333
Q2HPP6,40.0,35.60625
Q0R3W5,37.0,39.7605
Q72G76,65.0,65.29325
Q93NG1,30.0,31.4170833333
Q8NRQ7,30.0,38.1843333333
P31658,22.0,35.162
P45470,46.0,27.14
Q46948,22.0,26.04125
Q51732,70.0,79.56085
O58453,90.0,64.69625
C9K2Z6,50.0,36.6274
Q9KQ52,25.0,33.74825
Q8ESQ6,45.0,35.0791666667
Q66V97,30.0,34.04575
Q81BN7,35.0,33.7065166667
Q65NY1,30.0,34.5101666667
Q4U1A6,30.0,35.244
K7NB71,37.0,36.7570833333
Q9I596,37.0,34.7103333333
P38298,30.0,35.1891666667
Q02896,30.0,36.240775
I3QNS7,37.0,42.7436666667
Q52UN2,37.0,43.3031666667
I3QNS8,37.0,44.8055
I3QNS9,37.0,44.6435
I3QNT0,37.0,45.7713333333
I3QNT2,37.0,43.1915
A0A087D2Y1,37.0,42.9936666667
I3QNT4,37.0,41.871
I3QNT6,37.0,46.2375833333
L0CM48,37.0,44.5363333333
Q2YS20,37.0,38.8058333333
A5HKP3,37.0,37.9349166667
H6WSA2,37.0,36.352
F7SGA1,63.0,38.1174166667
F7SGU2,63.0,38.6076166667
F7SHH3,63.0,39.3528333333
Q47898,37.0,33.4129166667
A0A0H2YSJ7,37.0,38.4609
I6Y4D2,22.0,38.4643333333
Q6F4N1,73.0,66.9071785714
Q5YFS2,44.0,33.3121666667
A0A077AY47,60.0,33.275
E3SVS0,60.0,42.1516666667
B4XEY3,55.0,36.2815
P22984,30.0,34.5751333333
Q2V982,50.0,36.3868333333
Q2V983,50.0,34.266
Q2V984,50.0,34.0981166667
Q1XGD4,45.0,42.7083833333
Q8EQR8,65.0,37.5521
Q5SHB0,37.0,73.7260333333
Q8J0S3,37.0,34.0913333333
B3XPZ2,70.0,40.08525
B3XPZ3,70.0,44.2003666667
B3XPZ4,70.0,41.9153333333
Q02890,37.0,37.5246666667
Q5KR04,45.0,36.362
Q9ALV2,25.0,34.213
Q0BRB0,25.0,33.63
Q5S260,60.0,34.11175
P0AES0,37.0,36.501
S4T8N6,50.0,34.78
P0A6K3,30.0,36.935
P9WIJ3,30.0,34.756
C4M0W5,37.0,33.72695
Q81PP9,25.0,35.3096666667
B4E9I9,25.0,36.619
Q9I234,25.0,35.6785
Q8Q0G3,37.0,37.3075
G3MDB2,37.0,40.3773
Q4ZV08,28.0,45.0462571429
D9Q1R5,90.0,71.6179333333
Q1MW86,45.0,40.1895
C5NU54,55.0,36.04
Q846U5,55.0,33.932
A6T7D6,60.0,32.9795
P65907,25.0,36.24425
L0CR34,50.0,37.014
B5L363,25.0,37.932
F2YZ26,25.0,38.7331666667
B6EPH0,35.0,31.8885
P04190,30.0,37.144
P00808,30.0,33.08925
P05364,25.0,39.0971666667
Q59401,25.0,39.3483333333
A0A024FRL9,25.0,38.2505
A0A0F6N6D4,25.0,38.3655
A3RIY0,30.0,40.4233333333
H6WET3,25.0,37.9813333333
H6WZS9,25.0,38.3765
I3VKD5,25.0,38.6095
J7I0S9,25.0,38.4955
M1VE66,25.0,38.3891666667
P13661,25.0,37.78675
P28585,25.0,38.506
P62593,25.0,32.191
C7C422,25.0,38.6475
G3GCC6,30.0,40.2951666667
S5ZIP8,25.0,39.2423333333
T2A6Y2,25.0,38.7705
P14489,22.0,34.972
P16897,30.0,34.53275
Q2HY42,25.0,34.874
Q7DH52,37.0,34.4828333333
Q9K2N0,25.0,36.826
Q9XAY4,25.0,37.5774666667
E6Y3G9,30.0,36.0904333333
Q8GCU7,30.0,35.504
A5LH21,37.0,39.1345
P52700,25.0,37.3821666667
G7DDC5,45.0,37.2991
A9BPK4,30.0,36.95075
A0A077AY47,60.0,33.275
Q97V26,90.0,71.05775
E3SVS0,60.0,42.1516666667
P39138,45.0,37.97
Q57757,70.0,64.5301166667
Q9I6J9,28.0,36.00425
Q5KR05,40.0,38.169
Q9I6K2,30.0,35.5005
Q5JI38,80.0,68.7214166667
Q5SJ85,65.0,67.1896666667
P75713,25.0,37.2059166667
A7LKB0,37.0,32.333
B5XMC3,37.0,35.6041
P77425,25.0,32.9705
O27089,60.0,67.7013333333
Q5SH52,25.0,68.199125
P53909,35.0,34.4421166667
Q9P6I7,33.0,34.2457
P17618,37.0,35.5215
P25539,37.0,38.67535
O28344,65.0,74.1061666667
Q57609,70.0,62.2337
Q58936,60.0,65.5695833333
Q8TWU6,70.0,69.6171928571
Q58185,70.0,60.2369166667
P53909,34.0,34.4421166667
Q9P6I7,33.0,34.2457
Q9S3M0,33.0,37.2441333333
Q46A53,37.0,39.1395
S5M6X9,25.0,34.6441333333
Q5EG61,30.0,35.4303333333
A4LA85,35.0,32.968
B6Q5I3,30.0,34.8179166667
A9QXE0,38.0,37.2983333333
B0LAW4,37.0,35.1773333333
Q59329,30.0,36.1044452381
Q4KCL8,45.0,33.906
G5DDB2,40.0,34.0823333333
Q02068,48.0,37.294
Q03217,48.0,32.791
Q08224,30.0,35.1655
B1M5C5,45.0,37.5568333333
Q8A5V9,25.0,35.58725
Q8U438,95.0,66.66575
O59570,70.0,67.11175
Q8NRR8,30.0,36.366
Q8NT99,30.0,35.05625
Q97YV9,55.0,64.5238666667
Q6Y656,30.0,34.2926666667
Q5NHR1,37.0,34.344
C0H4F3,60.0,39.6098333333
C1AGW8,40.0,36.429
Q7LXU1,60.0,61.8221357143
Q7LXX6,60.0,64.6895833333
Q97V06,75.0,64.8463333333
Q97VE6,60.0,65.7132166667
Q97VZ8,75.0,54.941
Q97W25,75.0,63.3281666667
Q97W53,60.0,69.005
Q97ZF9,48.0,59.2283
Q97ZV2,48.0,64.9067916667
F9VN39,70.0,59.6514166667
Q8TGH6,30.0,38.6536785714
Q9HEM6,30.0,36.0535119048
A4URQ8,37.0,38.18
Q6QHT8,37.0,30.8672
P43341,30.0,31.168
P0A776,37.0,41.6516
Q75UV1,70.0,71.8085333333
O28046,80.0,64.7803333333
D8KIT5,30.0,38.4335
P84142,98.0,71.891
P95547,55.0,67.42425
Q99321,50.0,34.658
Q0ZS18,50.0,63.0479166667
Q0ZS19,50.0,66.2589666667
Q0ZS20,50.0,57.0720833333
Q0ZS21,50.0,61.20225
Q0ZS22,50.0,54.5978333333
Q0ZS23,50.0,53.55
Q0ZS24,50.0,57.4413333333
Q0ZS25,50.0,56.6423333333
Q0ZS26,50.0,56.71225
Q58439,37.0,61.7705
Q208R5,30.0,35.7685
Q4DMS3,28.0,37.37825
Q5V9R8,37.0,31.9108571429
Q5V9R9,37.0,32.9216666667
Q5V9S0,37.0,33.894
Q5V9S1,37.0,39.03435
Q5V9S2,37.0,41.5646666667
P25297,30.0,36.4988333333
P25360,30.0,32.9583333333
P27514,30.0,36.7713333333
P39535,30.0,35.3911
P46920,22.0,35.481
P06611,22.0,42.49195
Q9HUG8,37.0,30.4659166667
P97046,30.0,32.7375
Q8RK01,28.0,32.7366666667
P37093,37.0,33.7916666667
O30438,30.0,33.275
Q9WYF3,60.0,70.935125
Q316W1,30.0,39.4431
Q76DT8,37.0,31.2835
P9WGP5,25.0,36.943
Q9LCT3,30.0,33.8634285714
P05659,30.0,34.731
Q9RA63,55.0,62.91615
P9WMP9,37.0,34.759
J7HDV0,37.0,36.1025
P95479,25.0,40.1681666667
P07271,37.0,33.347
P35187,37.0,35.7536666667
P51979,30.0,32.9286666667
Q12039,30.0,32.5550833333
Q9UUA2,37.0,31.4671666667
D0KN27,53.0,70.1892
P95949,60.0,63.3934607143
O30560,85.0,37.899
O30561,85.0,40.6975
Q9HHA2,85.0,39.493
J3T995,50.0,37.0625
Q8TZL6,88.0,66.2272083333
P48424,55.0,65.1421333333
P48425,55.0,64.3088
Q9YA66,80.0,65.898325
Q9YDK6,80.0,70.2497916667
O57762,90.0,65.9182083333
P61111,65.0,67.4355
Q52500,65.0,67.8093333333
Q97X93,70.0,69.7293630952
Q97WB7,60.0,64.84095
O29269,65.0,65.3050166667
Q9UWR5,85.0,66.4689380952
Q97XQ7,60.0,61.6181666667
P60785,37.0,34.0518571429
P30925,95.0,74.1085
P35021,91.0,67.9298
Q64214,95.0,66.6052619048
Q8IJ32,22.0,34.403
Q9RWN5,37.0,38.669
D5LIR7,25.0,31.641
Q0QFQ3,30.0,32.29
B5SU85,23.0,34.214
P9WNH5,25.0,34.7165
Q88B12,22.0,36.9193333333
Q96XE7,65.0,67.2455
E2RV69,37.0,33.963
A0A0P1IZI1,50.0,35.983
Q73Y99,20.0,35.3001666667
Q9XB14,33.0,34.9865
G4I2J6,32.0,36.265
G4I5P8,32.0,34.985
A6G7B1,35.0,35.495
A8CFB7,37.0,34.993
A0A075Q354,48.0,34.4242
A9H275,48.0,34.5522
Q8NK64,35.0,33.1265
Q8NK65,35.0,32.5855
P06169,25.0,36.3204714286
P16467,25.0,34.871
P26263,25.0,36.0439166667
Q8KTX6,65.0,33.0603
Q5S3L3,45.0,36.2475
Q9R4W3,29.0,45.18975
Q60FX6,60.0,35.9885
Q9X4N0,37.0,38.2645
Q60358,70.0,61.2925
P69910,37.0,34.1125
A9ZM78,30.0,41.477
D6PXK5,48.0,38.02
K4HXK6,45.0,38.454
B1B389,50.0,35.00375
Q0GE18,55.0,38.9076666667
Q58P26,37.0,35.7247666667
A4Q8H0,37.0,36.7434833333
P28629,37.0,39.6035
Q5NT93,60.0,34.5225
Q9UWU1,75.0,65.211
Q5JFI4,90.0,68.331
O34767,26.0,36.0621666667
Q1JU59,40.0,38.046125
Q1JU60,40.0,37.5666666667
Q1JU61,30.0,37.57075
Q1JU62,30.0,37.72975
B3Y006,60.0,41.46425
Q8KXD2,25.0,40.8104285714
J7GQ11,50.0,39.8739166667
Q7B9Y8,37.0,37.1534
A2I9X8,35.0,45.1416666667
Q97WG4,85.0,71.5648
Q6F494,80.0,71.1748333333
Q96V00,37.0,41.67595
Q8THG2,64.0,33.4389166667
O93627,100.0,67.0094166667
Q9YGB5,85.0,65.7591785714
Q9UWY8,70.0,65.9400833333
C0H3U9,45.0,45.6516333333
P20906,30.0,35.39925
P51852,37.0,32.7588
P56744,37.0,36.4536785714
I3EBM6,53.0,49.9613333333
D4GYE0,42.0,40.3556666667
P58314,50.0,80.3153333333
Q980K6,70.0,72.2139666667
Q9RHA2,80.0,65.2624
Q05567,30.0,35.0786166667
B5IEU6,80.0,64.22215
Q9Y948,50.0,69.5757047619
A2BLE9,80.0,66.3945
Q877I0,95.0,63.1702261905
P75823,49.0,32.82275
P37303,43.0,38.2739857143
Q6KZI8,63.0,63.1652166667
A0JC77,30.0,38.2175
Q88S87,37.0,33.6182714286
Q88U67,37.0,37.6445
A8C781,30.0,33.85785
A8C5K8,25.0,33.397
Q9I0K4,35.0,32.49375
Q97YI8,70.0,65.7925833333
P9WFX3,30.0,37.402
Q9YGB3,85.0,69.3519666667
Q9CKB0,37.0,35.267
Q2G160,30.0,36.4164
B9DIJ2,55.0,37.09075
Q2L887,25.0,33.5425
Q8IKP7,30.0,38.9748333333
P51017,25.0,34.865
Q8GRC8,35.0,39.623
Q9V1F9,60.0,62.386
Q93PS8,22.0,35.717
Q6LP64,30.0,39.3152857143
A2TBP7,30.0,39.2015
Q39VF1,30.0,37.7741666667
Q5A3V6,37.0,36.0226666667
M1V623,22.0,36.5886666667
A4IQU1,22.0,58.79
A0JC76,30.0,38.2368
Q7V6D4,22.0,34.3299666667
Q54764,22.0,35.41
P45148,25.0,36.0335833333
C3W4Q7,25.0,50.9010833333
C1L335,20.0,35.0711666667
C1L336,20.0,33.1921333333
P9WPX7,25.0,39.8015
D3RXI0,85.0,67.3025833333
Q4K977,25.0,37.6246
A4GXA0,65.0,33.7966666667
Q4JQJ3,20.0,38.6815
O31668,40.0,36.6836722222
I7MAL0,35.0,39.5912666667
Q2YPV0,37.0,35.333
Q1ET73,30.0,37.247
Q47Q21,25.0,61.5431666667
Q58991,60.0,62.1733333333
P72145,28.0,32.207
Q9HX12,30.0,33.0455
A8AA25,40.0,74.83125
A4YGC7,70.0,63.418
B1YBY6,65.0,71.40225
Q5JDJ1,85.0,66.9123666667
Q9YGB0,85.0,71.1591428571
P44862,30.0,36.346
E1XUJ2,35.0,34.800875
P33247,60.0,63.1897
P45470,22.0,42.2643333333
Q46948,22.0,26.73425
Q51732,85.0,71.2833333333
P94368,5.0,36.8273333333
Q9X024,25.0,67.9934833333
Q6L1T2,65.0,67.496
Q97U27,85.0,77.1277619048
H2VFK0,35.0,52.297
Q8KBL0,35.0,52.685
P55250,30.0,32.6155
B1VB64,37.0,32.73375
B1VB65,37.0,38.12975
B1VB66,37.0,36.7935
A8CH84,45.0,32.918
A6NA24,45.0,33.6435
A6NA25,45.0,32.4985
A8CIU9,45.0,33.4225
Q59475,45.0,40.6744833333
Q6L1T2,70.0,67.496
Q6FFQ2,22.0,33.2135
Q97U96,78.0,70.5821666667
O30012,77.0,79.3726666667
B9E972,25.0,40.1889166667
D3RXI4,85.0,79.546
P33025,30.0,34.7457
H3ZMH8,90.0,72.0736666667
P24215,37.0,37.2175
D0IZN8,22.0,35.8148333333
Q93PS9,22.0,35.811
Q9KWL6,30.0,33.5778
Q5XPL4,20.0,44.5301666667
Q5XPL5,20.0,40.1775
A5W402,35.0,36.1785
Q6XMT1,30.0,46.131
Q6XMT2,30.0,44.1417166667
Q973W9,40.0,70.9921666667
Q6H8W8,37.0,43.3373333333
Q6H8W9,37.0,41.3161666667
Q6H8X0,37.0,42.7308333333
Q6H8X1,37.0,40.8841666667
Q6H8X2,37.0,43.4463333333
Q6H8X4,37.0,42.3211666667
Q6H8X5,37.0,40.8938333333
Q6H8X6,37.0,40.8073333333
Q6H8X7,37.0,42.6901666667
Q6H8X8,37.0,42.4231666667
Q6H8Y0,37.0,39.8963333333
Q6H8Y1,37.0,40.4369166667
Q6H8Y2,37.0,39.8295833333
Q6H8Y3,37.0,39.4444166667
Q6H8Y4,37.0,40.1724166667
Q8VLQ7,37.0,39.1954166667
Q8VLQ8,37.0,39.2084166667
Q01172,30.0,46.5398333333
D1MX66,40.0,45.0075
Q21FJ0,35.0,40.5833333333
I6P4V6,40.0,36.6872619048
G0KZG8,30.0,42.3473333333
G0L2Y1,30.0,43.7724166667
Q46079,30.0,35.31985
B2ZFM0,60.0,41.37975
D8X181,37.0,40.5866666667
D8X180,37.0,46.00625
P39116,50.0,45.0275833333
J9R912,40.0,44.6280333333
O50325,37.0,42.0382833333
P04959,55.0,45.6988928571
P0C1A2,55.0,43.6501666667
P11073,55.0,46.3568333333
P18209,55.0,43.8895
D8X179,37.0,45.0620833333
D3JTC1,40.0,42.1949
Q93J76,40.0,46.2415
Q93RU6,40.0,40.643
Q8P6Z9,40.0,42.33225
Q8PCR8,40.0,41.83
Q8GCB2,65.0,43.3223333333
Q9AQF3,50.0,45.83225
P85513,70.0,58.2846595238
T1RPY0,37.0,38.34525
O50660,40.0,36.853
Q59478,45.0,41.4814333333
Q9L7P2,42.0,34.6871666667
Q21FJ0,35.0,40.5833333333
I6P4V6,40.0,36.6872619048
G0L2Y1,30.0,43.7724166667
A1JMA5,25.0,43.8485
Q8KKH9,40.0,35.7866666667
C0JBW5,32.0,36.3870833333
C7EXL6,45.0,39.1215
Q9Z5P8,45.0,38.5053333333
P9WG59,25.0,33.7515
Q9S5E2,41.0,35.3534916667
A8D7K2,30.0,33.262
C6WFL3,28.0,40.128
Q08VU0,28.0,33.3616666667
D9XD61,28.0,36.3035
Q82L49,30.0,34.907875
Q9X839,30.0,35.9335
B0FLN6,30.0,37.009
Q9AJE3,40.0,38.0086666667
Q82IV1,30.0,39.158
P56081,37.0,33.88775
Q9AJE3,40.0,38.0086666667
Q9AJE3,40.0,38.0086666667
Q9AJE3,40.0,38.0086666667
Q9AJE3,40.0,38.0086666667
P9WJ61,45.0,37.5321666667
P9WJ61,45.0,37.5321666667
P9WJ61,45.0,37.5321666667
P9WJ61,45.0,37.5321666667
P9WJ61,45.0,37.5321666667
P9WJ61,45.0,37.5321666667
P9WJ61,45.0,37.5321666667
O29876,55.0,58.2826666667
O15922,37.0,36.5286
P22936,37.0,37.6003166667
Q51507,25.0,41.74
Q9U6N3,37.0,33.2725
P53632,30.0,36.7633595238
Q0PC50,37.0,36.4353333333
Q4A041,37.0,33.30525
Q3AEU2,70.0,68.1531190476
P12047,25.0,33.95975
P0AB89,25.0,36.9508333333
A0R4I6,37.0,38.0535
O15918,31.0,36.693
O31465,37.0,34.671725
Q9I4W3,30.0,32.24
E9AFE7,37.0,36.4695
D4GYV5,65.0,56.8086
Q8L0X3,37.0,35.5328666667
A6YH85,37.0,35.3
Q84IF9,45.0,50.0043
B7TXX4,30.0,39.9468333333
P21161,37.0,39.938
Q50402,37.0,33.6965
Q50403,37.0,40.3066666667
P51697,30.0,34.57475
Q59119,65.0,35.4793
P0DKX7,30.0,36.02
P00936,46.0,34.4365
Q5UFR5,37.0,35.293
Q8I7A1,30.0,37.96675
P45723,28.0,42.53775
Q9YBF1,70.0,72.3696833333
Q9YE85,65.0,71.6670833333
Q76EV4,30.0,36.9875
A7E8M5,25.0,34.9185
Q9S5V6,48.0,33.1134761905
P10725,53.0,32.74825
P94494,53.0,34.4665
Q1XG01,37.0,34.8540666667
Q932V0,50.0,31.825
P63479,30.0,36.1014761905
I0J1I6,51.0,33.071
Q2V0H1,95.0,78.9164
M1GRN3,44.0,37.0819166667
Q81LA8,25.0,35.4865357143
Q81UL8,25.0,35.73025
P94556,37.0,33.7403095238
D7VBA0,50.0,36.01275
Q9A1B7,30.0,34.0225
M0LMI3,73.0,45.832
Q04HB7,30.0,37.9275
Q9WYS1,60.0,67.029
Q5LH66,38.0,38.685
B3XZI5,35.0,38.4826666667
P9WH11,25.0,34.2658333333
C5J048,37.0,36.0806666667
O33707,37.0,47.8068333333
Q6LZC4,50.0,38.1234761905
Q1N097,30.0,36.145
Q81JK4,37.0,34.749
Q81K34,37.0,40.5319166667
A3MUJ4,70.0,71.6849833333
O73960,65.0,73.4348333333
Q9Y7X5,30.0,41.7465238095
Q9XC59,37.0,35.03
A8RG82,55.0,37.646
B0NGC5,60.0,39.317
C1KKR1,40.0,33.834
A7LVG6,45.0,38.8535
A4YEG2,74.0,59.5231666667
O06543,37.0,35.425
P0AC19,50.0,35.9753333333
Q5YXQ1,8.0,40.1249
F8G0M3,30.0,38.6938
Q0SJH2,40.0,37.674
Q9P9H4,15.0,60.055
Q97VM8,70.0,70.0728833333
A8CEF6,65.0,60.898
A4XHV7,90.0,63.025
B8E1U6,75.0,61.7945833333
D5LNE5,75.0,60.145
A3E7Z6,70.0,45.4905
B8DZQ9,75.0,67.2967333333
D5MTT1,40.0,36.9333333333
P16250,25.0,40.2815
Q56320,25.0,67.3007619048
A4XJ56,75.0,68.5796666667
B8E1T1,80.0,71.4544166667
P23495,30.0,41.1966666667
Q9LBW5,30.0,40.143
O59601,72.0,73.357
Q2YIQ6,30.0,34.2085
A0LT86,75.0,52.9177333333
Q2VMT2,65.0,58.7107142857
F6KRI7,95.0,59.466547619
Q65J10,50.0,41.0593333333
C7F8M0,32.0,36.6958333333
I3ZR32,55.0,35.60225
Q9S467,61.0,57.8505
A9J246,60.0,40.497
Q88S84,50.0,40.497
G1JRK8,50.0,42.72775
Q70G56,65.0,50.658
K7SW59,70.0,56.6415
D2DK62,85.0,64.69875
P9WKD7,37.0,36.7348333333
O50083,95.0,71.9437
Q9AGZ4,40.0,41.275
O58649,95.0,93.825
Q5SIM4,80.0,63.2550166667
Q9YE01,98.0,69.7102333333
O28778,70.0,77.0362119048
Q9HIC2,75.0,56.43925
P50740,37.0,32.556
Q980T5,30.0,69.9507666667
A9WC36,55.0,55.1234166667
B3WD16,37.0,36.2495
I6Y2G3,35.0,36.711
Q980S1,65.0,72.1150333333
F4NCC3,37.0,32.40875
Q6I7B6,90.0,73.2656333333
Q9KZL6,30.0,35.168
Q980S1,65.0,72.1150333333
F4NCC2,37.0,34.2835166667
Q0VZ68,30.0,29.919
E1XUJ2,35.0,34.800875
Q6XNK6,33.0,40.5833333333
S5YEW8,40.0,41.135
Q6XKX6,35.0,41.6488
D0VX20,30.0,41.54
O51799,25.0,43.09
Q1J0Z5,40.0,47.20775
Q9RST7,30.0,38.126
B6E9W1,37.0,36.189
B1PK99,50.0,64.616
B8YM30,35.0,39.572
Q5SL15,60.0,64.2023333333
Q7WUI5,53.0,65.494
P33247,60.0,63.1897
B1PT66,40.0,36.294
B7XBM0,35.0,32.631
P48567,37.0,32.407
O30012,60.0,79.3726666667
A0QU81,37.0,39.0705416667
P9WIB9,20.0,37.399
Q9P4D8,48.0,38.7758333333
Q6E7F1,26.0,41.0475833333
Q81IH1,52.0,31.9805
A5U8X0,37.0,36.2935
P9WG49,37.0,36.2935
Q06AK7,39.0,39.0559642857
Q5KSK9,30.0,38.161875
A3MU01,55.0,69.0460833333
P95479,25.0,40.213
O74634,30.0,37.5521166667
Q9V011,60.0,71.5086666667
Q84F26,33.0,35.8094166667
Q4CW46,37.0,37.13005
Q8I2B1,37.0,36.2115
P39581,37.0,34.56285
Q6LZD3,37.0,39.3863
Q5SM28,70.0,61.61775
Q9UWP2,37.0,37.4275
P27000,65.0,68.2185
P56926,37.0,35.5936666667
P00962,22.0,38.5041309524
O59147,65.0,69.3323333333
O28579,65.0,67.8971666667
C4LU94,22.0,37.847125
C4LUB5,22.0,37.576275
C4M7U9,22.0,37.929125
P00953,37.0,57.499
Q8CT69,25.0,33.263
Q580R7,22.0,32.821875
O57980,60.0,77.0476666667
O07683,37.0,53.824
P00962,22.0,38.5041309524
Q9X2I8,50.0,67.8138333333
Q1L6A3,37.0,55.2187666667
O30126,50.0,75.9444166667
Q9YDW0,37.0,74.137
Q9YFY3,37.0,68.7813095238
Q58597,60.0,68.5851666667
Q980D1,60.0,67.173
P26637,30.0,38.7049
Q45477,22.0,36.9671833333
Q9YFT9,37.0,73.4286333333
Q9RHV9,30.0,57.328
O57963,65.0,74.3453809524
P74941,60.0,63.8479666667
Q2I0L7,65.0,70.2797083333
Q2XNL6,68.0,70.9451833333
Q6EMJ3,38.0,38.423
F1CYZ6,33.0,35.2648833333
A4YGR1,65.0,73.3123928571
Q8TLW1,55.0,41.40715
O74725,38.0,32.4821666667
Q81K97,21.0,34.4725
Q5CD72,20.0,36.5818333333
D3GE78,30.0,33.2976666667
O74725,38.0,32.4821666667
Q72K16,75.0,66.9257571429
Q9I4X3,37.0,34.4567
Q973W5,65.0,78.0895
B3TZD8,30.0,34.4115
B3TZD9,30.0,38.89
A4YDR9,75.0,71.4158928571
A4YGF9,75.0,73.7908333333
Q5LVM3,22.0,34.884
Q6TNA5,25.0,34.88075
B3EY95,25.0,31.258
B3TZD8,30.0,34.4115
B3TZD9,30.0,38.89
W0PAN5,30.0,38.89
W0PFR9,30.0,34.4115
Q0VPF7,30.0,36.776
Q0VPF8,30.0,41.553
O28341,77.0,71.3696285714
O29057,77.0,73.0268666667
Q58010,55.0,63.5293333333
B8ZJH0,42.0,39.3556666667
Q60182,60.0,70.9373690476
P9WN39,22.0,40.7158166667
Q4ZH57,32.0,38.8443888889
Q9HH09,90.0,71.47225
Q9HKT1,25.0,56.36705
Q9HKT2,25.0,57.17
P0AES0,37.0,36.46375
G5D5D5,25.0,38.25565
Q711P7,25.0,37.7705833333
Q2FV22,30.0,37.246
I6Y0R5,37.0,35.554
P9WJL3,38.0,37.973
P0ADI4,25.0,34.7135
P10378,25.0,32.4576666667
P11454,25.0,35.11475
P0A6W9,37.0,36.921
Q5JIZ8,85.0,66.078347619
Q3IFA2,30.0,35.35475
Q58178,60.0,67.1408714286
Q58407,50.0,60.5049166667
Q58037,60.0,63.69325
Q58178,60.0,67.1408714286
Q2FUA9,30.0,36.0884222222
Q2N4T5,50.0,36.585
P46805,60.0,66.2021095238
Q5H614,37.0,40.95625
Q8PUQ1,37.0,39.3695
P37773,37.0,32.946
B5UAT8,34.0,34.2805428571
C0STU2,40.0,35.4849
Q842E2,35.0,33.6793333333
B2DEW2,37.0,33.2585
Q73KK9,37.0,35.492
Q2FZP6,37.0,36.817
A5U4I2,25.0,43.666
Q7N6U8,30.0,36.1360666667
C0STU2,35.0,35.4849
Q9UWF8,90.0,76.849
P0A7E5,37.0,32.7578333333
C7P8V7,70.0,59.048
Q57981,70.0,66.4739333333
B0V8W9,30.0,37.1443333333
O59071,50.0,68.7161666667
O59072,50.0,75.2755
Q8J2Z4,75.0,69.2058333333
Q8J2Z5,75.0,71.7063333333
Q6SZP8,30.0,35.402
Q12721,30.0,33.117
C4M5H3,37.0,33.233
Q57635,50.0,61.8095
Q50566,60.0,64.91725
Q9HHC4,70.0,65.3813333333
P49421,55.0,66.16605
P37025,30.0,35.7915
Q8U4Q3,60.0,69.5217666667
P26162,30.0,32.575
